FID,PFI,FEATURE_ID,PARENT_FEATURE_ID,FEATURE_TYPE,FEATURE_SUBTYPE,FEATURE_STATUS,NAME,NAME_LABEL,PARENT_NAME,CHILD_EXISTS,AUTH_ORG_CODE,AUTH_ORG_ID,AUTH_ORG_VERIFIED,VMADD_PFI,VICNAMES_ID,VICNAMES_STATUS_CODE,THEME1,THEME2,STATE,CREATE_DATE_PFI,SUPERCEDED_PFI,CREATE_DATE_UFI,OBJECTID,SHAPE
VMFEAT_POLICE_STATION.64779196,142297,142297,,emergency facility,police station,,RESERVOIR POLICE STATION,Reservoir Police Station,,,107,NRR,2021-04-20T00:00:00,429470866,-1939526,11,,,VIC,2009-05-21T02:07:29,,2022-07-20T12:34:59,2039353,POINT (-37.69380543 144.99840662)
VMFEAT_POLICE_STATION.59913907,134710,134710,,emergency facility,police station,,ALEXANDRA POLICE STATION,Alexandra Police Station,,,107,EAL,2021-04-20T00:00:00,51913267,188,10,,,VIC,2009-05-21T02:06:36,,2021-04-22T07:42:13,1887916,POINT (-37.18863456 145.70777089)
VMFEAT_POLICE_STATION.59913908,134827,134827,,emergency facility,police station,,ANGLESEA POLICE STATION,Anglesea Police Station,,,107,WAG,2021-04-20T00:00:00,53046487,392,10,,,VIC,2009-05-21T02:06:36,,2021-04-22T07:42:13,1887917,POINT (-38.40339864 144.19222815)
VMFEAT_POLICE_STATION.59913909,134850,134850,,emergency facility,police station,,APOLLO BAY POLICE STATION,Apollo Bay Police Station,,,107,WAB,2021-04-20T00:00:00,127044959,454,10,,,VIC,2009-05-21T02:06:36,,2021-04-22T07:42:13,1887918,POINT (-38.7596644 143.6703816)
VMFEAT_POLICE_STATION.59913910,134862,134862,,emergency facility,police station,,APSLEY POLICE STATION,Apsley Police Station,,,107,WAS,2021-04-20T00:00:00,54279590,474,10,,,VIC,2009-05-21T02:06:36,,2021-04-22T07:42:13,1887919,POINT (-36.9670606 141.08361854)
VMFEAT_POLICE_STATION.59913911,134873,134873,,emergency facility,police station,,ARARAT POLICE STATION,Ararat Police Station,,,107,WAR,2021-04-20T00:00:00,134102501,496,10,,,VIC,2009-05-21T02:06:36,,2021-04-22T07:42:13,1887920,POINT (-37.28424319 142.92672242)
VMFEAT_POLICE_STATION.59913912,134933,134933,,emergency facility,police station,,ASHBURTON POLICE STATION,Ashburton Police Station,,,107,EAT,2021-04-20T00:00:00,208619530,652,10,,,VIC,2009-05-21T02:06:37,,2021-04-22T07:42:13,1887921,POINT (-37.86287427 145.07970969)
VMFEAT_POLICE_STATION.59913913,134996,134996,,emergency facility,police station,,AVOCA POLICE STATION,Avoca Police Station,,,107,WAV,2021-04-20T00:00:00,54602063,731,10,,,VIC,2009-05-21T02:06:37,,2021-04-22T07:42:13,1887922,POINT (-37.08717014 143.47409564)
VMFEAT_POLICE_STATION.59913914,135009,135009,,emergency facility,police station,,AVONDALE HEIGHTS POLICE STATION,Avondale Heights Police Station,,,107,NAH,2021-04-20T00:00:00,53612905,748,10,,,VIC,2009-05-21T02:06:37,,2021-04-22T07:42:13,1887923,POINT (-37.75572979 144.85944098)
VMFEAT_POLICE_STATION.59913915,135019,135019,,emergency facility,police station,,AXEDALE POLICE STATION,Axedale Police Station,,,107,WAX,2021-04-20T00:00:00,134118373,767,10,,,VIC,2009-05-21T02:06:37,,2021-04-22T07:42:13,1887924,POINT (-36.78699283 144.50156786)
VMFEAT_POLICE_STATION.59913916,135028,135028,,emergency facility,police station,,BACCHUS MARSH POLICE STATION,Bacchus Marsh Police Station,,,107,WBM,2021-04-20T00:00:00,125629058,792,10,,,VIC,2009-05-21T02:06:37,,2021-04-22T07:42:13,1887925,POINT (-37.67578807 144.43602047)
VMFEAT_POLICE_STATION.59913918,135081,135081,,emergency facility,police station,,BALLAN POLICE STATION,Ballan Police Station,,,107,WBN,2021-04-20T00:00:00,52237868,1035,10,,,VIC,2009-05-21T02:06:38,,2021-04-22T07:42:13,1887926,POINT (-37.59995117 144.22088918)
VMFEAT_POLICE_STATION.59913919,135086,135086,,emergency facility,police station,,BALLARAT POLICE STATION,Ballarat Police Station,,,107,WBA,2021-04-20T00:00:00,135790503,1071,10,,,VIC,2009-05-21T02:06:38,,2021-04-22T07:42:13,1887927,POINT (-37.56418627 143.85911919)
VMFEAT_POLICE_STATION.59913920,135118,135118,,emergency facility,police station,,BALMORAL POLICE STATION,Balmoral Police Station,,,107,WBL,2021-04-20T00:00:00,130656373,1118,10,,,VIC,2009-05-21T02:06:38,,2021-04-22T07:42:13,1887928,POINT (-37.25221014 141.83232065)
VMFEAT_POLICE_STATION.59913921,135159,135159,,emergency facility,police station,,BANNOCKBURN POLICE STATION,Bannockburn Police Station,,,107,WBB,2021-04-20T00:00:00,203814436,1210,10,,,VIC,2009-05-21T02:06:38,,2021-04-22T07:42:13,1887929,POINT (-38.04993326 144.16841498)
VMFEAT_POLICE_STATION.59913922,135285,135285,,emergency facility,police station,,BEAUFORT POLICE STATION,Beaufort Police Station,,,107,WBF,2021-04-20T00:00:00,53699774,1649,10,,,VIC,2009-05-21T02:06:40,,2021-04-22T07:42:13,1887930,POINT (-37.43148457 143.38105813)
VMFEAT_POLICE_STATION.59913923,135303,135303,,emergency facility,police station,,BEEAC POLICE STATION,Beeac Police Station,,,107,WBC,2021-04-20T00:00:00,135942499,1689,10,,,VIC,2009-05-21T02:06:40,,2021-04-22T07:42:13,1887931,POINT (-38.19530616 143.64005958)
VMFEAT_POLICE_STATION.59913924,135306,135306,,emergency facility,police station,,BEECHWORTH POLICE STATION,Beechworth Police Station,,,107,EBC,2021-04-20T00:00:00,54197461,1711,10,,,VIC,2009-05-21T02:06:40,,2021-04-22T07:42:13,1887932,POINT (-36.3583719 146.68887022)
VMFEAT_POLICE_STATION.59913925,135331,135331,,emergency facility,police station,,BELGRAVE POLICE STATION,Belgrave Police Station,,,107,EBV,2021-04-20T00:00:00,150122817,1753,10,,,VIC,2009-05-21T02:06:40,,2021-04-22T07:42:13,1887933,POINT (-37.90808937 145.35461771)
VMFEAT_POLICE_STATION.59913926,135345,135345,,emergency facility,police station,,BELLARINE POLICE STATION,Bellarine Police Station,,,107,WBR,2021-04-20T00:00:00,54745094,-1384120,11,,,VIC,2009-05-21T02:06:40,,2021-04-22T07:42:13,1887934,POINT (-38.26679782 144.52193921)
VMFEAT_POLICE_STATION.59913927,135404,135404,,emergency facility,police station,,BENALLA POLICE STATION,Benalla Police Station,,,107,EBN,2021-04-20T00:00:00,53159841,1886,10,,,VIC,2009-05-21T02:06:40,,2021-04-22T07:42:13,1887935,POINT (-36.55560359 145.97529796)
VMFEAT_POLICE_STATION.59913928,135422,135422,,emergency facility,police station,,BENDIGO POLICE STATION,Bendigo Police Station,,,107,WBI,2021-04-20T00:00:00,53667515,1926,10,,,VIC,2009-05-21T02:06:41,,2021-04-22T07:42:13,1887936,POINT (-36.76698964 144.26698936)
VMFEAT_POLICE_STATION.59913929,135441,135441,1020346,emergency facility,police station,,BENDOC POLICE STATION,Bendoc Police Station,BENDOC COMMUNITY RECREATION RESERVE,,107,EBE,2021-04-20T00:00:00,54416657,1944,10,,,VIC,2009-05-21T02:06:41,,2021-04-22T07:42:13,1887937,POINT (-37.14707241 148.88491249)
VMFEAT_POLICE_STATION.59913930,135496,135496,,emergency facility,police station,,BETHANGA POLICE STATION,Bethanga Police Station,,,107,EBA,2021-04-20T00:00:00,53164882,-1384105,11,,,VIC,2009-05-21T02:06:41,,2021-04-22T07:42:13,1887938,POINT (-36.12547928 147.09932582)
VMFEAT_POLICE_STATION.59913931,135508,135508,,emergency facility,police station,,BEULAH POLICE STATION,Beulah Police Station,,,107,WBH,2021-04-20T00:00:00,54560166,2124,10,,,VIC,2009-05-21T02:06:41,,2021-04-22T07:42:14,1887939,POINT (-35.94324016 142.41949945)
VMFEAT_POLICE_STATION.59913932,135578,135578,,emergency facility,police station,,BIRCHIP POLICE STATION,Birchip Police Station,,,107,WBP,2021-04-20T00:00:00,134108091,2323,10,,,VIC,2009-05-21T02:06:42,,2021-04-22T07:42:14,1887940,POINT (-35.97980014 142.91732229)
VMFEAT_POLICE_STATION.59913933,135589,135589,,emergency facility,police station,,BIRREGURRA POLICE STATION,Birregurra Police Station,,,107,WBG,2021-04-20T00:00:00,53054503,2351,10,,,VIC,2009-05-21T02:06:42,,2021-04-22T07:42:14,1887941,POINT (-38.33629848 143.78271101)
VMFEAT_POLICE_STATION.59913934,135694,135694,,emergency facility,police station,,BOOLARRA POLICE STATION,Boolarra Police Station,,,107,EBR,2021-04-20T00:00:00,53243826,2932,10,,,VIC,2009-05-21T02:06:42,,2021-04-22T07:42:14,1887942,POINT (-38.38044265 146.27232066)
VMFEAT_POLICE_STATION.59913941,135828,135828,,emergency facility,police station,,BRIGHT POLICE STATION,Bright Police Station,,,107,EBI,2021-04-20T00:00:00,53396829,3423,10,,,VIC,2009-05-21T02:06:43,,2021-04-22T07:42:14,1887948,POINT (-36.73179425 146.96204948)
VMFEAT_POLICE_STATION.59913942,135863,135863,,emergency facility,police station,,BROADFORD POLICE STATION,Broadford Police Station,,,107,EBF,2021-04-20T00:00:00,53678279,3507,10,,,VIC,2009-05-21T02:06:43,,2021-04-22T07:42:14,1887949,POINT (-37.20340463 145.05542339)
VMFEAT_POLICE_STATION.59913935,135712,135712,,emergency facility,police station,,BOORT POLICE STATION,Boort Police Station,,,107,WBT,2021-04-20T00:00:00,53157469,2998,10,,,VIC,2009-05-21T02:06:42,,2021-04-22T07:42:14,1887943,POINT (-36.11606286 143.72340919)
VMFEAT_POLICE_STATION.59913937,135739,135739,,emergency facility,police station,,BOROONDARA POLICE STATION,Boroondara Police Station,,,107,EBB,2021-04-20T00:00:00,54713765,-1384144,11,,,VIC,2009-05-21T02:06:43,,2021-04-22T07:42:14,1887944,POINT (-37.7997109 145.05202946)
VMFEAT_POLICE_STATION.59913938,135789,135789,,emergency facility,police station,,BRANXHOLME POLICE STATION,Branxholme Police Station,,,107,WBX,2021-04-20T00:00:00,53996989,3288,10,,,VIC,2009-05-21T02:06:43,,2021-04-22T07:42:14,1887945,POINT (-37.85841915 141.79875453)
VMFEAT_POLICE_STATION.59913939,135807,135807,,emergency facility,police station,,BRIAGOLONG POLICE STATION,Briagolong Police Station,,,107,EBG,2021-04-20T00:00:00,53260848,3357,10,,,VIC,2009-05-21T02:06:43,,2021-04-22T07:42:14,1887946,POINT (-37.84343327 147.069628)
VMFEAT_POLICE_STATION.59913943,135868,135868,,emergency facility,police station,,BROADMEADOWS POLICE STATION,Broadmeadows Police Station,,,107,NBS,2021-04-20T00:00:00,53578490,3518,10,,,VIC,2009-05-21T02:06:43,,2021-04-22T07:42:14,1887950,POINT (-37.683223 144.91687455)
VMFEAT_POLICE_STATION.59913944,135916,135916,,emergency facility,police station,,BRUNSWICK POLICE STATION,Brunswick Police Station,,,107,NBW,2021-04-20T00:00:00,50223825,3666,10,,,VIC,2009-05-21T02:06:44,,2021-04-22T07:42:14,1887951,POINT (-37.76281274 144.96306858)
VMFEAT_POLICE_STATION.59913945,135924,135924,,emergency facility,police station,,BRUTHEN POLICE STATION,Bruthen Police Station,,,107,EBT,2021-04-20T00:00:00,134114462,3686,10,,,VIC,2009-05-21T02:06:44,,2021-04-22T07:42:14,1887952,POINT (-37.70751283 147.83111909)
VMFEAT_POLICE_STATION.59913946,135932,135932,,emergency facility,police station,,BUCHAN POLICE STATION,Buchan Police Station,,,107,EBX,2021-04-20T00:00:00,134112276,3723,10,,,VIC,2009-05-21T02:06:44,,2021-04-22T07:42:14,1887953,POINT (-37.49987147 148.17131016)
VMFEAT_POLICE_STATION.59913947,135996,135996,,emergency facility,police station,,BUNINYONG POLICE STATION,Buninyong Police Station,,,107,WBY,2021-04-20T00:00:00,52165898,4076,10,,,VIC,2009-05-21T02:06:44,,2021-04-22T07:42:14,1887954,POINT (-37.65155726 143.88464558)
VMFEAT_POLICE_STATION.59913948,136003,136003,,emergency facility,police station,,BUNYIP POLICE STATION,Bunyip Police Station,,,107,SBP,2021-04-20T00:00:00,53405188,4101,10,,,VIC,2009-05-21T02:06:44,,2021-04-22T07:42:14,1887955,POINT (-38.09751502 145.71779978)
VMFEAT_POLICE_STATION.59913949,136043,136043,,emergency facility,police station,,BURWOOD POLICE STATION,Burwood Police Station,,,107,EBD,2021-04-20T00:00:00,50234816,4255,10,,,VIC,2009-05-21T02:06:44,,2021-04-22T07:42:14,1887956,POINT (-37.8508838 145.09817779)
VMFEAT_POLICE_STATION.59913940,135820,135820,,emergency facility,police station,,BRIDGEWATER POLICE STATION,Bridgewater Police Station,,,107,WBD,2021-04-20T00:00:00,52232932,3394,10,,,VIC,2009-05-21T02:06:43,,2021-04-22T07:42:14,1887947,POINT (-36.60170372 143.94000856)
VMFEAT_POLICE_STATION.59914005,137710,137710,,emergency facility,police station,,FAWKNER POLICE STATION,Fawkner Police Station,,,107,NFK,2021-04-20T00:00:00,173679665,8929,10,,,VIC,2009-05-21T02:06:56,,2021-04-22T07:42:14,1888012,POINT (-37.71817406 144.96233071)
VMFEAT_POLICE_STATION.59914006,137766,137766,,emergency facility,police station,,FITZROY POLICE STATION,Fitzroy Police Station,,,107,NFZ,2021-04-20T00:00:00,219088806,9127,10,,,VIC,2009-05-21T02:06:57,,2021-04-22T07:42:14,1888013,POINT (-37.80222187 144.97913155)
VMFEAT_POLICE_STATION.59914007,137773,137773,,emergency facility,police station,,FLEMINGTON POLICE STATION,Flemington Police Station,,,107,NFM,2021-04-20T00:00:00,51466662,9204,10,,,VIC,2009-05-21T02:06:57,,2021-04-22T07:42:14,1888014,POINT (-37.78511911 144.93214981)
VMFEAT_POLICE_STATION.59914008,137790,137790,,emergency facility,police station,,FOOTSCRAY POLICE STATION,Footscray Police Station,,,107,NFC,2021-04-20T00:00:00,219702148,9293,10,,,VIC,2009-05-21T02:06:57,,2021-04-22T07:42:14,1888015,POINT (-37.80386701 144.9013728)
VMFEAT_POLICE_STATION.59914009,137813,137813,,emergency facility,police station,,FORREST POLICE STATION,Forrest Police Station,,,107,WFO,2021-04-20T00:00:00,218960902,9363,10,,,VIC,2009-05-21T02:06:57,,2021-04-22T07:42:14,1888016,POINT (-38.52102481 143.71662739)
VMFEAT_POLICE_STATION.59914010,137819,137819,,emergency facility,police station,,FOSTER POLICE STATION,Foster Police Station,,,107,EFS,2021-04-20T00:00:00,53220154,9381,10,,,VIC,2009-05-21T02:06:57,,2021-04-22T07:42:14,1888017,POINT (-38.65214591 146.20243545)
VMFEAT_POLICE_STATION.59914011,137846,137846,,emergency facility,police station,,FRANKSTON POLICE STATION,Frankston Police Station,,,107,SFK,2021-04-20T00:00:00,52075679,9472,10,,,VIC,2009-05-21T02:06:57,,2021-04-22T07:42:14,1888018,POINT (-38.13890076 145.12466702)
VMFEAT_POLICE_STATION.59914012,137915,137915,,emergency facility,police station,,GEELONG POLICE STATION,Geelong Police Station,,,107,WGL,2021-04-20T00:00:00,426461773,9799,10,,,VIC,2009-05-21T02:06:58,,2021-04-22T07:42:14,1888019,POINT (-38.1453584 144.35692269)
VMFEAT_POLICE_STATION.59914013,137986,137986,,emergency facility,police station,,GISBORNE POLICE STATION,Gisborne Police Station,,,107,WGS,2021-04-20T00:00:00,426094826,10026,10,,,VIC,2009-05-21T02:06:58,,2021-04-22T07:42:14,1888020,POINT (-37.48538121 144.5856497)
VMFEAT_POLICE_STATION.59914014,138052,138052,,emergency facility,police station,,GLEN WAVERLEY POLICE STATION,Glen Waverley Police Station,,,107,EGW,2021-04-20T00:00:00,53009943,10088,10,,,VIC,2009-05-21T02:06:59,,2021-04-22T07:42:14,1888021,POINT (-37.90364053 145.16409497)
VMFEAT_POLICE_STATION.59914015,138181,138181,,emergency facility,police station,,GLENROWAN POLICE STATION,Glenrowan Police Station,,,107,EGE,2021-04-20T00:00:00,134167961,10243,10,,,VIC,2009-05-21T02:06:59,,2021-04-22T07:42:14,1888022,POINT (-36.46348828 146.22725919)
VMFEAT_POLICE_STATION.59914016,138259,138259,,emergency facility,police station,,GOORNONG POLICE STATION,Goornong Police Station,,,107,WGN,2021-04-20T00:00:00,428058845,10445,10,,,VIC,2009-05-21T02:07:00,,2021-04-22T07:42:14,1888023,POINT (-36.61405439 144.50922698)
VMFEAT_POLICE_STATION.59914017,138267,138267,,emergency facility,police station,,GORDON POLICE STATION,Gordon Police Station,,,107,WGR,2021-04-20T00:00:00,125557792,10486,10,,,VIC,2009-05-21T02:07:00,,2021-04-22T07:42:14,1888024,POINT (-37.57980744 144.10149714)
VMFEAT_POLICE_STATION.59914018,138271,138271,,emergency facility,police station,,GOROKE POLICE STATION,Goroke Police Station,,,107,WGK,2021-04-20T00:00:00,134177343,10513,10,,,VIC,2009-05-21T02:07:00,,2021-04-22T07:42:14,1888025,POINT (-36.71857419 141.47168417)
VMFEAT_POLICE_STATION.59914019,138380,138380,,emergency facility,police station,,GREENSBOROUGH POLICE STATION,Greensborough Police Station,,,107,NGB,2021-04-20T00:00:00,53578579,10855,10,,,VIC,2009-05-21T02:07:01,,2021-04-22T07:42:14,1888026,POINT (-37.70404257 145.09615767)
VMFEAT_POLICE_STATION.59914020,138463,138463,,emergency facility,police station,,GUNBOWER POLICE STATION,Gunbower Police Station,,,107,WGO,2021-04-20T00:00:00,134108215,11015,10,,,VIC,2009-05-21T02:07:01,,2021-04-22T07:42:14,1888027,POINT (-35.95569877 144.36711472)
VMFEAT_POLICE_STATION.59914021,138526,138526,,emergency facility,police station,,HALLS GAP POLICE STATION,Halls Gap Police Station,,,107,WHG,2021-04-20T00:00:00,53888504,-1384127,11,,,VIC,2009-05-21T02:07:02,,2021-04-22T07:42:14,1888028,POINT (-37.13652387 142.51929564)
VMFEAT_POLICE_STATION.59914022,138531,138531,,emergency facility,police station,,HAMILTON POLICE STATION,Hamilton Police Station,,,107,WHA,2021-04-20T00:00:00,134165315,11178,10,,,VIC,2009-05-21T02:07:02,,2021-04-22T07:42:14,1888029,POINT (-37.7476701 142.02604668)
VMFEAT_POLICE_STATION.59914023,138572,138572,,emergency facility,police station,,HARROW POLICE STATION,Harrow Police Station,,,107,WHR,2021-04-20T00:00:00,129136733,11323,10,,,VIC,2009-05-21T02:07:02,,2021-04-22T07:42:14,1888030,POINT (-37.16419711 141.59393181)
VMFEAT_POLICE_STATION.59914024,138579,138579,,emergency facility,police station,,HASTINGS POLICE STATION,Hastings Police Station,,,107,SHS,2021-04-20T00:00:00,53633890,11350,10,,,VIC,2009-05-21T02:07:02,,2021-04-22T07:42:14,1888031,POINT (-38.3078632 145.18467611)
VMFEAT_POLICE_STATION.59914025,138623,138623,,emergency facility,police station,,HEALESVILLE POLICE STATION,Healesville Police Station,,,107,EHV,2021-04-20T00:00:00,52130484,11470,10,,,VIC,2009-05-21T02:07:02,,2021-04-22T07:42:14,1888032,POINT (-37.65662715 145.51088131)
VMFEAT_POLICE_STATION.59914026,138635,138635,,emergency facility,police station,,HEATHCOTE POLICE STATION,Heathcote Police Station,,,107,WHC,2021-04-20T00:00:00,54052426,11496,10,,,VIC,2009-05-21T02:07:02,,2021-04-22T07:42:14,1888033,POINT (-36.9217141 144.70912933)
VMFEAT_POLICE_STATION.59914027,138662,138662,,emergency facility,police station,,HEIDELBERG POLICE STATION,Heidelberg Police Station,,,107,NHL,2021-04-20T00:00:00,218748772,11549,10,,,VIC,2009-05-21T02:07:02,,2021-04-22T07:42:15,1888034,POINT (-37.7575202 145.07073003)
VMFEAT_POLICE_STATION.59914028,138698,138698,,emergency facility,police station,,HEYFIELD POLICE STATION,Heyfield Police Station,,,107,EHF,2021-04-20T00:00:00,53398454,11657,10,,,VIC,2009-05-21T02:07:03,,2021-04-22T07:42:15,1888035,POINT (-37.98174032 146.78549672)
VMFEAT_POLICE_STATION.59914029,138704,138704,,emergency facility,police station,,HEYWOOD POLICE STATION,Heywood Police Station,,,107,WHY,2021-04-20T00:00:00,129376414,11681,10,,,VIC,2009-05-21T02:07:03,,2021-04-22T07:42:15,1888036,POINT (-38.13349696 141.62896291)
VMFEAT_POLICE_STATION.59914030,138865,138865,,emergency facility,police station,,HOPETOUN POLICE STATION,Hopetoun Police Station,,,107,WHP,2021-04-20T00:00:00,53369702,11945,10,,,VIC,2009-05-21T02:07:04,,2021-04-22T07:42:15,1888037,POINT (-35.72884389 142.36600989)
VMFEAT_POLICE_STATION.59914031,138880,138880,,emergency facility,police station,,HORSHAM POLICE STATION,Horsham Police Station,,,107,WHM,2021-04-20T00:00:00,53653451,12044,10,,,VIC,2009-05-21T02:07:04,,2021-04-22T07:42:15,1888038,POINT (-36.71406741 142.2012219)
VMFEAT_POLICE_STATION.59914032,138927,138927,,emergency facility,police station,,HURSTBRIDGE POLICE STATION,Hurstbridge Police Station,,,107,NHB,2021-04-20T00:00:00,52173172,12224,10,,,VIC,2009-05-21T02:07:04,,2021-04-22T07:42:15,1888039,POINT (-37.63998203 145.19283606)
VMFEAT_POLICE_STATION.59914033,138991,138991,,emergency facility,police station,,INGLEWOOD POLICE STATION,Inglewood Police Station,,,107,WIW,2021-04-20T00:00:00,54281786,12298,10,,,VIC,2009-05-21T02:07:05,,2021-04-22T07:42:15,1888040,POINT (-36.57572425 143.87005443)
VMFEAT_POLICE_STATION.59914034,139008,139008,,emergency facility,police station,,INVERLEIGH POLICE STATION,Inverleigh Police Station,,,107,WIV,2021-04-20T00:00:00,53173589,12323,10,,,VIC,2009-05-21T02:07:05,,2021-04-22T07:42:15,1888041,POINT (-38.10157586 144.05060418)
VMFEAT_POLICE_STATION.59914035,139011,139011,,emergency facility,police station,,INVERLOCH POLICE STATION,Inverloch Police Station,,,107,EIL,2021-04-20T00:00:00,134182969,12328,10,,,VIC,2009-05-21T02:07:05,,2021-04-22T07:42:15,1888042,POINT (-38.63111969 145.7274697)
VMFEAT_POLICE_STATION.59914036,139086,139086,,emergency facility,police station,,JAMIESON POLICE STATION,Jamieson Police Station,,,107,EJM,2021-04-20T00:00:00,54392589,12559,10,,,VIC,2009-05-21T02:07:05,,2021-04-22T07:42:15,1888043,POINT (-37.30333476 146.13818244)
VMFEAT_POLICE_STATION.59914037,139117,139117,,emergency facility,police station,,JEPARIT POLICE STATION,Jeparit Police Station,,,107,WJP,2021-04-20T00:00:00,52231785,12656,10,,,VIC,2009-05-21T02:07:06,,2021-04-22T07:42:15,1888044,POINT (-36.14334507 141.98877649)
VMFEAT_POLICE_STATION.59914038,139251,139251,,emergency facility,police station,,KANIVA POLICE STATION,Kaniva Police Station,,,107,WKV,2021-04-20T00:00:00,134177553,13097,10,,,VIC,2009-05-21T02:07:06,,2021-04-22T07:42:15,1888045,POINT (-36.37887 141.2420549)
VMFEAT_POLICE_STATION.59914039,139316,139316,,emergency facility,police station,,KATAMATITE POLICE STATION,Katamatite Police Station,,,107,EKT,2021-04-20T00:00:00,,13175,10,,,VIC,2009-05-21T02:07:07,,2021-04-22T07:42:15,1888046,POINT (-36.07934439 145.688837)
VMFEAT_POLICE_STATION.59914040,139343,139343,,emergency facility,police station,,KEILOR DOWNS POLICE STATION,Keilor Downs Police Station,,,107,NKD,2021-04-20T00:00:00,53427059,-1384138,11,,,VIC,2009-05-21T02:07:07,,2021-04-22T07:42:15,1888047,POINT (-37.72382812 144.80750122)
VMFEAT_POLICE_STATION.59914041,139398,139398,,emergency facility,police station,,KERANG POLICE STATION,Kerang Police Station,,,107,WKG,2021-04-20T00:00:00,428761529,13385,10,,,VIC,2009-05-21T02:07:07,,2021-04-22T07:42:15,1888048,POINT (-35.73390676 143.92150749)
VMFEAT_POLICE_STATION.59914042,139501,139501,,emergency facility,police station,,KILMORE POLICE STATION,Kilmore Police Station,,,107,EKM,2021-04-20T00:00:00,129627402,13543,10,,,VIC,2009-05-21T02:07:09,,2021-04-22T07:42:15,1888049,POINT (-37.30706434 144.94985509)
VMFEAT_POLICE_STATION.59914043,139522,139522,,emergency facility,police station,,KINGLAKE POLICE STATION,Kinglake Police Station,,,107,EKL,2021-04-20T00:00:00,54662206,-1384118,11,,,VIC,2009-05-21T02:07:09,,2021-04-22T07:42:15,1888050,POINT (-37.53153138 145.34048767)
VMFEAT_POLICE_STATION.59914044,139579,139579,,emergency facility,police station,,KNOX POLICE STATION,Knox Police Station,,,107,EKX,2021-04-20T00:00:00,207324733,-1384129,11,,,VIC,2009-05-21T02:07:09,,2021-04-22T07:42:15,1888051,POINT (-37.86972927 145.23661514)
VMFEAT_POLICE_STATION.59914067,140087,140087,,emergency facility,police station,,LORNE POLICE STATION,Lorne Police Station,,,107,WLO,2021-04-20T00:00:00,54724502,15574,10,,,VIC,2009-05-21T02:07:12,,2021-04-22T07:42:15,1888073,POINT (-38.54085077 143.97374976)
VMFEAT_POLICE_STATION.59914068,140187,140187,,emergency facility,police station,,MACARTHUR POLICE STATION,Macarthur Police Station,,,107,WMT,2021-04-20T00:00:00,134162800,15789,10,,,VIC,2009-05-21T02:07:13,,2021-04-22T07:42:15,1888074,POINT (-38.0324885 142.00084801)
VMFEAT_POLICE_STATION.59914069,140194,140194,,emergency facility,police station,,MACEDON POLICE STATION,Macedon Police Station,,,107,WMC,2021-04-20T00:00:00,135381275,15801,10,,,VIC,2009-05-21T02:07:13,,2021-04-22T07:42:15,1888075,POINT (-37.42292179 144.56776918)
VMFEAT_POLICE_STATION.59914070,140215,140215,,emergency facility,police station,,MAFFRA POLICE STATION,Maffra Police Station,,,107,EMF,2021-04-20T00:00:00,53260491,15876,10,,,VIC,2009-05-21T02:07:13,,2021-04-22T07:42:15,1888076,POINT (-37.96494173 146.97335262)
VMFEAT_POLICE_STATION.59914072,140251,140251,,emergency facility,police station,,MALLACOOTA POLICE STATION,Mallacoota Police Station,,,107,EMC,2021-04-20T00:00:00,54499240,16019,10,,,VIC,2009-05-21T02:07:14,,2021-04-22T07:42:15,1888077,POINT (-37.55863703 149.75527764)
VMFEAT_POLICE_STATION.59914073,140262,140262,,emergency facility,police station,,MALMSBURY POLICE STATION,Malmsbury Police Station,,,107,WMA,2021-04-20T00:00:00,135381779,16035,10,,,VIC,2009-05-21T02:07:14,,2021-04-22T07:42:15,1888078,POINT (-37.18837112 144.38501096)
VMFEAT_POLICE_STATION.59914074,140265,140265,,emergency facility,police station,,MALVERN POLICE STATION,Malvern Police Station,,,107,SMV,2021-04-20T00:00:00,53474039,16055,10,,,VIC,2009-05-21T02:07:15,,2021-04-22T07:42:15,1888079,POINT (-37.85588321 145.02961141)
VMFEAT_POLICE_STATION.59914075,140273,140273,,emergency facility,police station,,MANANGATANG POLICE STATION,Manangatang Police Station,,,107,WMG,2021-04-20T00:00:00,54246448,16071,10,,,VIC,2009-05-21T02:07:15,,2021-04-22T07:42:15,1888080,POINT (-35.05036587 142.88271742)
VMFEAT_POLICE_STATION.59914045,139603,139603,,emergency facility,police station,,KOO WEE RUP POLICE STATION,Koo Wee Rup Police Station,,,107,SKR,2021-04-20T00:00:00,53658856,-1384128,11,,,VIC,2009-05-21T02:07:09,,2021-04-22T07:42:15,1888052,POINT (-38.20023541 145.48910525)
VMFEAT_POLICE_STATION.59914046,139621,139621,,emergency facility,police station,,KOONDROOK POLICE STATION,Koondrook Police Station,,,107,WKK,2021-04-20T00:00:00,129379027,13827,10,,,VIC,2009-05-21T02:07:09,,2021-04-22T07:42:15,1888053,POINT (-35.64501315 144.13130878)
VMFEAT_POLICE_STATION.59914047,139656,139656,,emergency facility,police station,,KOROIT POLICE STATION,Koroit Police Station,,,107,WKO,2021-04-20T00:00:00,53690616,13897,10,,,VIC,2009-05-21T02:07:09,,2021-04-22T07:42:15,1888054,POINT (-38.29259685 142.36787572)
VMFEAT_POLICE_STATION.59914048,139662,139662,,emergency facility,police station,,KORUMBURRA POLICE STATION,Korumburra Police Station,,,107,EKB,2021-04-20T00:00:00,426468024,13926,10,,,VIC,2009-05-21T02:07:09,,2021-04-22T07:42:15,1888055,POINT (-38.43457558 145.82431174)
VMFEAT_POLICE_STATION.59914049,139698,139698,,emergency facility,police station,,KYABRAM POLICE STATION,Kyabram Police Station,,,107,WKA,2021-04-20T00:00:00,129801942,14027,10,,,VIC,2009-05-21T02:07:10,,2021-04-22T07:42:15,1888056,POINT (-36.31369564 145.05256381)
VMFEAT_POLICE_STATION.59914050,139717,139717,,emergency facility,police station,,KYNETON POLICE STATION,Kyneton Police Station,,,107,WKY,2021-04-20T00:00:00,131266285,14044,10,,,VIC,2009-05-21T02:07:10,,2021-04-22T07:42:15,1888057,POINT (-37.24767423 144.45174339)
VMFEAT_POLICE_STATION.59914051,139747,139747,,emergency facility,police station,,LAKE BOGA POLICE STATION,Lake Boga Police Station,,,107,WLG,2021-04-20T00:00:00,54246335,14171,10,,,VIC,2009-05-21T02:07:10,,2021-04-22T07:42:15,1888058,POINT (-35.45954934 143.63168125)
VMFEAT_POLICE_STATION.59914052,139750,139750,,emergency facility,police station,,LAKE BOLAC POLICE STATION,Lake Bolac Police Station,,,107,WLB,2021-04-20T00:00:00,134102417,14178,10,,,VIC,2009-05-21T02:07:10,,2021-04-22T07:42:15,1888059,POINT (-37.71144268 142.84126627)
VMFEAT_POLICE_STATION.59914053,139768,139768,,emergency facility,police station,,LAKES ENTRANCE POLICE STATION,Lakes Entrance Police Station,,,107,ELE,2021-04-20T00:00:00,53627167,14494,10,,,VIC,2009-05-21T02:07:10,,2021-04-22T07:42:15,1888060,POINT (-37.877235 147.99453958)
VMFEAT_POLICE_STATION.59914054,139799,139799,,emergency facility,police station,,LANCEFIELD POLICE STATION,Lancefield Police Station,,,107,WLF,2021-04-20T00:00:00,425530172,14570,10,,,VIC,2009-05-21T02:07:11,,2021-04-22T07:42:15,1888061,POINT (-37.27853804 144.73627653)
VMFEAT_POLICE_STATION.59914056,139811,139811,,emergency facility,police station,,LANG LANG POLICE STATION,Lang Lang Police Station,,,107,SLL,2021-04-20T00:00:00,52043561,14597,10,,,VIC,2009-05-21T02:07:11,,2021-04-22T07:42:15,1888063,POINT (-38.26530318 145.5634698)
VMFEAT_POLICE_STATION.59914057,139830,139830,,emergency facility,police station,,LARA POLICE STATION,Lara Police Station,,,107,WLA,2021-04-20T00:00:00,53025077,14660,10,,,VIC,2009-05-21T02:07:11,,2021-04-22T07:42:15,1888064,POINT (-38.02346604 144.39604738)
VMFEAT_POLICE_STATION.59914058,139872,139872,,emergency facility,police station,,LAVERS HILL POLICE STATION,Lavers Hill Police Station,,,107,WLH,2021-04-20T00:00:00,134110851,-1384137,11,,,VIC,2009-05-21T02:07:11,,2021-04-22T07:42:15,1888065,POINT (-38.68235395 143.38593963)
VMFEAT_POLICE_STATION.59914059,139877,139877,,emergency facility,police station,,LAVERTON POLICE STATION,Laverton Police Station,,,107,NLV,2021-04-20T00:00:00,53612921,14734,10,,,VIC,2009-05-21T02:07:11,,2021-04-22T07:42:15,1888066,POINT (-37.86326405 144.77140252)
VMFEAT_POLICE_STATION.59914060,139900,139900,,emergency facility,police station,,LEARMONTH POLICE STATION,Learmonth Police Station,,,107,WLM,2021-04-20T00:00:00,431846096,14785,10,,,VIC,2009-05-21T02:07:11,,2021-04-22T07:42:15,1888067,POINT (-37.42229151 143.71535703)
VMFEAT_POLICE_STATION.59914076,140307,140307,,emergency facility,police station,,MANSFIELD POLICE STATION,Mansfield Police Station,,,107,EMS,2021-04-20T00:00:00,53337050,16126,10,,,VIC,2009-05-21T02:07:15,,2021-04-22T07:42:15,1888081,POINT (-37.05230724 146.08697352)
VMFEAT_POLICE_STATION.59914077,140392,140392,,emergency facility,police station,,MARYBOROUGH POLICE STATION,Maryborough Police Station,,,107,WMY,2021-04-20T00:00:00,131791717,16292,10,,,VIC,2009-05-21T02:07:15,,2021-04-22T07:42:15,1888082,POINT (-37.04730985 143.7354683)
VMFEAT_POLICE_STATION.59914078,140488,140488,,emergency facility,police station,,MEENIYAN POLICE STATION,Meeniyan Police Station,,,107,EMI,2021-04-20T00:00:00,134164536,16606,10,,,VIC,2009-05-21T02:07:16,,2021-04-22T07:42:15,1888083,POINT (-38.58005921 146.01065226)
VMFEAT_POLICE_STATION.59914061,139925,139925,,emergency facility,police station,,LEONGATHA POLICE STATION,Leongatha Police Station,,,107,ELH,2021-04-20T00:00:00,53219189,14858,10,,,VIC,2009-05-21T02:07:11,,2021-04-22T07:42:15,1888068,POINT (-38.47501968 145.94595074)
VMFEAT_POLICE_STATION.59914063,139962,139962,,emergency facility,police station,,LILYDALE POLICE STATION,Lilydale Police Station,,,107,ELY,2021-04-20T00:00:00,51507256,14982,10,,,VIC,2009-05-21T02:07:12,,2021-04-22T07:42:15,1888070,POINT (-37.75560339 145.3423958)
VMFEAT_POLICE_STATION.59914079,140505,140505,,emergency facility,police station,,MELBOURNE EAST POLICE STATION,Melbourne East Police Station,,,107,NME,2021-04-20T00:00:00,209510609,-1384124,11,,,VIC,2009-05-21T02:07:16,,2021-04-22T07:42:15,1888084,POINT (-37.81284652 144.96726049)
VMFEAT_POLICE_STATION.59914081,140528,140528,,emergency facility,police station,,MELTON POLICE STATION,Melton Police Station,,,107,NMT,2021-04-20T00:00:00,51114773,16661,10,,,VIC,2009-05-21T02:07:16,,2021-04-22T07:42:15,1888085,POINT (-37.68583347 144.57794108)
VMFEAT_POLICE_STATION.59914082,140562,140562,,emergency facility,police station,,MERBEIN POLICE STATION,Merbein Police Station,,,107,WMB,2021-04-20T00:00:00,53389235,16711,10,,,VIC,2009-05-21T02:07:16,,2021-04-22T07:42:15,1888086,POINT (-34.16772092 142.06265827)
VMFEAT_POLICE_STATION.59914083,140573,140573,,emergency facility,police station,,MEREDITH POLICE STATION,Meredith Police Station,,,107,WMH,2021-04-20T00:00:00,220581469,16726,10,,,VIC,2009-05-21T02:07:16,,2021-04-22T07:42:15,1888087,POINT (-37.84651334 144.07573476)
VMFEAT_POLICE_STATION.59914084,140588,140588,,emergency facility,police station,,MERINO POLICE STATION,Merino Police Station,,,107,WMI,2021-04-20T00:00:00,54752760,16751,10,,,VIC,2009-05-21T02:07:17,,2021-04-22T07:42:15,1888088,POINT (-37.72027103 141.54994779)
VMFEAT_POLICE_STATION.59914085,140667,140667,,emergency facility,police station,,MILDURA POLICE STATION,Mildura Police Station,,,107,WML,2021-04-20T00:00:00,425938301,16988,10,,,VIC,2009-05-21T02:07:17,,2021-04-22T07:42:15,1888089,POINT (-34.18606288 142.16206768)
VMFEAT_POLICE_STATION.59914086,140690,140690,,emergency facility,police station,,MILL PARK POLICE STATION,Mill Park Police Station,,,107,NMP,2021-04-20T00:00:00,50626346,-1384115,11,,,VIC,2009-05-21T02:07:17,,2021-04-22T07:42:15,1888090,POINT (-37.65734985 145.07542319)
VMFEAT_POLICE_STATION.59914087,140741,140741,,emergency facility,police station,,MINYIP POLICE STATION,Minyip Police Station,,,107,WMN,2021-04-20T00:00:00,129462089,17151,10,,,VIC,2009-05-21T02:07:17,,2021-04-22T07:42:15,1888091,POINT (-36.45807944 142.58917917)
VMFEAT_POLICE_STATION.59914088,140744,140744,,emergency facility,police station,,MIRBOO NORTH POLICE STATION,Mirboo North Police Station,,,107,EMN,2021-04-20T00:00:00,53215737,17172,10,,,VIC,2009-05-21T02:07:17,,2021-04-22T07:42:15,1888092,POINT (-38.40088304 146.15888765)
VMFEAT_POLICE_STATION.59914064,139991,139991,,emergency facility,police station,,LINTON POLICE STATION,Linton Police Station,,,107,WLT,2021-04-20T00:00:00,125188310,15055,10,,,VIC,2009-05-21T02:07:12,,2021-04-22T07:42:15,1888071,POINT (-37.68744467 143.56187256)
VMFEAT_POLICE_STATION.59914065,140004,140004,,emergency facility,police station,,LISMORE POLICE STATION,Lismore Police Station,,,107,WLS,2021-04-20T00:00:00,128979617,15075,10,,,VIC,2009-05-21T02:07:12,,2021-04-22T07:42:15,1888072,POINT (-37.95328631 143.33976605)
VMFEAT_POLICE_STATION.59914089,140769,140769,,emergency facility,police station,,MITTA MITTA POLICE STATION,Mitta Mitta Police Station,,,107,EMM,2021-04-20T00:00:00,54685832,17252,10,,,VIC,2009-05-21T02:07:18,,2021-04-22T07:42:15,1888093,POINT (-36.53717245 147.37778965)
VMFEAT_POLICE_STATION.59914090,140785,140785,,emergency facility,police station,,MOE POLICE STATION,Moe Police Station,,,107,EMO,2021-04-20T00:00:00,100179642,17291,10,,,VIC,2009-05-21T02:07:18,,2021-04-22T07:42:15,1888094,POINT (-38.17609556 146.26521625)
VMFEAT_POLICE_STATION.59914091,140819,140819,,emergency facility,police station,,MONBULK POLICE STATION,Monbulk Police Station,,,107,EMK,2021-04-20T00:00:00,51708379,17376,10,,,VIC,2009-05-21T02:07:18,,2021-04-22T07:42:15,1888095,POINT (-37.87524106 145.40769628)
VMFEAT_POLICE_STATION.59914092,140859,140859,,emergency facility,police station,,MOONEE PONDS POLICE STATION,Moonee Ponds Police Station,,,107,NMO,2021-04-20T00:00:00,53466593,17513,10,,,VIC,2009-05-21T02:07:18,,2021-04-22T07:42:15,1888096,POINT (-37.76471231 144.92407846)
VMFEAT_POLICE_STATION.59914093,140868,140868,,emergency facility,police station,,MOORABBIN POLICE STATION,Moorabbin Police Station,,,107,SMB,2021-04-20T00:00:00,53515747,17553,10,,,VIC,2009-05-21T02:07:18,,2021-04-22T07:42:15,1888097,POINT (-37.93739474 145.03822237)
VMFEAT_POLICE_STATION.59914094,140887,140887,,emergency facility,police station,,MOOROOLBARK POLICE STATION,Mooroolbark Police Station,,,107,EMB,2021-04-20T00:00:00,50998874,17616,10,,,VIC,2009-05-21T02:07:18,,2021-04-22T07:42:15,1888098,POINT (-37.78953773 145.31053496)
VMFEAT_POLICE_STATION.59914095,140892,140892,,emergency facility,police station,,MOOROOPNA POLICE STATION,Mooroopna Police Station,,,107,EMP,2021-04-20T00:00:00,,17631,10,,,VIC,2009-05-21T02:07:18,,2021-04-22T07:42:15,1888099,POINT (-36.39542602 145.35612055)
VMFEAT_POLICE_STATION.59914096,140905,140905,,emergency facility,police station,,MORDIALLOC POLICE STATION,Mordialloc Police Station,,,107,SMD,2021-04-20T00:00:00,54724370,17670,10,,,VIC,2009-05-21T02:07:18,,2021-04-22T07:42:15,1888100,POINT (-38.00377788 145.08624021)
VMFEAT_POLICE_STATION.59914097,140920,140920,,emergency facility,police station,,MORNINGTON POLICE STATION,Mornington Police Station,,,107,SMT,2021-04-20T00:00:00,206699276,17736,10,,,VIC,2009-05-21T02:07:19,,2021-04-22T07:42:15,1888101,POINT (-38.21650757 145.03683648)
VMFEAT_POLICE_STATION.59914098,140930,140930,,emergency facility,police station,,MORTLAKE POLICE STATION,Mortlake Police Station,,,107,WMK,2021-04-20T00:00:00,54286085,17792,10,,,VIC,2009-05-21T02:07:19,,2021-04-22T07:42:15,1888102,POINT (-38.08161942 142.80814218)
VMFEAT_POLICE_STATION.59914100,140961,140961,,emergency facility,police station,,MOUNT BEAUTY POLICE STATION,Mount Beauty Police Station,,,107,EBY,2021-04-20T00:00:00,131874824,17933,10,,,VIC,2009-05-21T02:07:19,,2021-04-22T07:42:16,1888103,POINT (-36.74397448 147.17137473)
VMFEAT_POLICE_STATION.59914111,141289,141289,,emergency facility,police station,,NARRE WARREN POLICE STATION,Narre Warren Police Station,,,107,SNW,2021-04-20T00:00:00,50937797,-1384122,11,,,VIC,2009-05-21T02:07:23,,2021-04-22T07:42:16,1888114,POINT (-38.02598224 145.31117644)
VMFEAT_POLICE_STATION.59914101,140965,140965,,emergency facility,police station,,MOUNT BULLER POLICE STATION,Mount Buller Police Station,,,107,EMR,2021-04-20T00:00:00,136021278,-1384121,11,,,VIC,2009-05-21T02:07:19,,2021-04-22T07:42:16,1888104,POINT (-37.14633099 146.45140814)
VMFEAT_POLICE_STATION.59914102,140984,140984,,emergency facility,police station,,MOUNT EVELYN POLICE STATION,Mount Evelyn Police Station,,,107,EME,2021-04-20T00:00:00,150256729,18184,10,,,VIC,2009-05-21T02:07:19,,2021-04-22T07:42:16,1888105,POINT (-37.78714537 145.38054764)
VMFEAT_POLICE_STATION.59914103,140993,140993,,emergency facility,police station,,MOUNT HOTHAM POLICE STATION,Mount Hotham Police Station,,,107,EMZ,2021-04-20T00:00:00,125399566,-1384104,11,,,VIC,2009-05-21T02:07:19,,2021-04-22T07:42:16,1888106,POINT (-36.99206968 147.14979973)
VMFEAT_POLICE_STATION.59914104,141028,141028,,emergency facility,police station,,MOUNT WAVERLEY POLICE STATION,Mount Waverley Police Station,,,107,EMW,2021-04-20T00:00:00,50641633,-1384103,11,,,VIC,2009-05-21T02:07:19,,2021-04-22T07:42:16,1888107,POINT (-37.88045769 145.1283434)
VMFEAT_POLICE_STATION.59914105,141060,141060,,emergency facility,police station,,MOYHU POLICE STATION,Moyhu Police Station,,,107,EMY,2021-04-20T00:00:00,134168723,18821,10,,,VIC,2009-05-21T02:07:19,,2021-04-22T07:42:16,1888108,POINT (-36.57816507 146.37517039)
VMFEAT_POLICE_STATION.59914112,141299,141299,,emergency facility,police station,,NATHALIA POLICE STATION,Nathalia Police Station,,,107,ENT,2021-04-20T00:00:00,53167080,19438,10,,,VIC,2009-05-21T02:07:23,,2021-04-22T07:42:16,1888115,POINT (-36.05975288 145.20341937)
VMFEAT_POLICE_STATION.59914106,141130,141130,,emergency facility,police station,,MURCHISON POLICE STATION,Murchison Police Station,,,107,EMH,2021-04-20T00:00:00,126272506,18960,10,,,VIC,2009-05-21T02:07:20,,2021-04-22T07:42:16,1888109,POINT (-36.6181339 145.21590666)
VMFEAT_POLICE_STATION.59914113,141303,141303,,emergency facility,police station,,NATIMUK POLICE STATION,Natimuk Police Station,,,107,WNA,2021-04-20T00:00:00,134144862,19450,10,,,VIC,2009-05-21T02:07:23,,2021-04-22T07:42:16,1888116,POINT (-36.73973367 141.9470446)
VMFEAT_POLICE_STATION.59914107,141156,141156,,emergency facility,police station,,MURRAYVILLE POLICE STATION,Murrayville Police Station,,,107,WMV,2021-04-20T00:00:00,129686368,19052,10,,,VIC,2009-05-21T02:07:20,,2021-04-22T07:42:16,1888110,POINT (-35.26410083 141.18265246)
VMFEAT_POLICE_STATION.59914108,141174,141174,,emergency facility,police station,,MURTOA POLICE STATION,Murtoa Police Station,,,107,WMR,2021-04-20T00:00:00,134186844,19098,10,,,VIC,2009-05-21T02:07:20,,2021-04-22T07:42:16,1888111,POINT (-36.6167259 142.46987543)
VMFEAT_POLICE_STATION.59914109,141204,141204,,emergency facility,police station,,MYRTLEFORD POLICE STATION,Myrtleford Police Station,,,107,EMD,2021-04-20T00:00:00,125090897,19208,10,,,VIC,2009-05-21T02:07:21,,2021-04-22T07:42:16,1888112,POINT (-36.56050574 146.72675503)
VMFEAT_POLICE_STATION.59914114,141331,141331,,emergency facility,police station,,NEERIM SOUTH POLICE STATION,Neerim South Police Station,,,107,ENS,2021-04-20T00:00:00,51841523,19522,10,,,VIC,2009-05-21T02:07:23,,2021-04-22T07:42:16,1888117,POINT (-38.0183077 145.95425843)
VMFEAT_POLICE_STATION.59914115,141393,141393,,emergency facility,police station,,NEWSTEAD POLICE STATION,Newstead Police Station,,,107,WNE,2021-04-20T00:00:00,53766195,19726,10,,,VIC,2009-05-21T02:07:23,,2021-04-22T07:42:16,1888118,POINT (-37.10553993 144.06380736)
VMFEAT_POLICE_STATION.59914116,141401,141401,,emergency facility,police station,,NHILL POLICE STATION,Nhill Police Station,,,107,WNL,2021-04-20T00:00:00,126313542,19759,10,,,VIC,2009-05-21T02:07:23,,2021-04-22T07:42:16,1888119,POINT (-36.33319494 141.65594547)
VMFEAT_POLICE_STATION.59914110,141217,141217,,emergency facility,police station,,NAGAMBIE POLICE STATION,Nagambie Police Station,,,107,ENI,2021-04-20T00:00:00,127523972,19244,10,,,VIC,2009-05-21T02:07:21,,2021-04-22T07:42:16,1888113,POINT (-36.78759829 145.15441115)
VMFEAT_POLICE_STATION.59914117,141488,141488,71753,emergency facility,police station,,NORTHCOTE POLICE STATION,Northcote Police Station,NORTHCOTE SHOPPING PLAZA,,107,NNC,2021-04-20T00:00:00,218964621,20072,10,,,VIC,2009-05-21T02:07:24,,2021-04-22T07:42:16,1888120,POINT (-37.76612345 145.00214674)
VMFEAT_POLICE_STATION.59914118,141517,141517,,emergency facility,police station,,NUMURKAH POLICE STATION,Numurkah Police Station,,,107,ENM,2021-04-20T00:00:00,54369549,20185,10,,,VIC,2009-05-21T02:07:24,,2021-04-22T07:42:16,1888121,POINT (-36.08853487 145.4443592)
VMFEAT_POLICE_STATION.59914119,141542,141542,,emergency facility,police station,,NYAH POLICE STATION,Nyah Police Station,,,107,WNY,2021-04-20T00:00:00,54522274,-1384108,11,,,VIC,2009-05-21T02:07:24,,2021-04-22T07:42:16,1888122,POINT (-35.17186532 143.37810886)
VMFEAT_POLICE_STATION.59914120,141572,141572,,emergency facility,police station,,OAKLEIGH POLICE STATION,Oakleigh Police Station,,,107,EOL,2021-04-20T00:00:00,52174251,20330,10,,,VIC,2009-05-21T02:07:25,,2021-04-22T07:42:16,1888123,POINT (-37.89828821 145.08774722)
VMFEAT_POLICE_STATION.59914121,141642,141642,,emergency facility,police station,,OLINDA POLICE STATION,Olinda Police Station,,,107,EOD,2021-04-20T00:00:00,207947081,20440,10,,,VIC,2009-05-21T02:07:25,,2021-04-22T07:42:16,1888124,POINT (-37.85610746 145.36504042)
VMFEAT_POLICE_STATION.59914122,141657,141657,,emergency facility,police station,,OMEO POLICE STATION,Omeo Police Station,,,107,EOM,2021-04-20T00:00:00,54401634,20469,10,,,VIC,2009-05-21T02:07:25,,2021-04-22T07:42:16,1888125,POINT (-37.102038 147.59233653)
VMFEAT_POLICE_STATION.59914123,141678,141678,,emergency facility,police station,,ORBOST POLICE STATION,Orbost Police Station,,,107,EOB,2021-04-20T00:00:00,52115363,20532,10,,,VIC,2009-05-21T02:07:25,,2021-04-22T07:42:16,1888126,POINT (-37.70665077 148.45599732)
VMFEAT_POLICE_STATION.59914124,141735,141735,,emergency facility,police station,,OUYEN POLICE STATION,Ouyen Police Station,,,107,WOY,2021-04-20T00:00:00,134155082,20607,10,,,VIC,2009-05-21T02:07:26,,2021-04-22T07:42:16,1888127,POINT (-35.0698675 142.31518154)
VMFEAT_POLICE_STATION.59914125,141763,141763,,emergency facility,police station,,PAKENHAM POLICE STATION,Pakenham Police Station,,,107,SPK,2021-04-20T00:00:00,150312497,-1384139,11,,,VIC,2009-05-21T02:07:26,,2021-04-22T07:42:16,1888128,POINT (-38.06182979 145.45345701)
VMFEAT_POLICE_STATION.59914126,141900,141900,,emergency facility,police station,,PENSHURST POLICE STATION,Penshurst Police Station,,,107,WPT,2021-04-20T00:00:00,130522738,21020,10,,,VIC,2009-05-21T02:07:26,,2021-04-22T07:42:16,1888129,POINT (-37.87464626 142.28978761)
VMFEAT_POLICE_STATION.59914127,141939,141939,,emergency facility,police station,,PIANGIL POLICE STATION,Piangil Police Station,,,107,WPG,2021-04-20T00:00:00,134166620,21158,10,,,VIC,2009-05-21T02:07:27,,2021-04-22T07:42:16,1888130,POINT (-35.05398325 143.31370157)
VMFEAT_POLICE_STATION.59914128,142048,142048,,emergency facility,police station,,PORT CAMPBELL POLICE STATION,Port Campbell Police Station,,,107,WPC,2021-04-20T00:00:00,52174511,21638,10,,,VIC,2009-05-21T02:07:27,,2021-04-22T07:42:16,1888131,POINT (-38.6178126 142.99802397)
VMFEAT_POLICE_STATION.59914129,142051,142051,,emergency facility,police station,,PORT FAIRY POLICE STATION,Port Fairy Police Station,,,107,WPF,2021-04-20T00:00:00,53358618,21647,10,,,VIC,2009-05-21T02:07:27,,2021-04-22T07:42:16,1888132,POINT (-38.38766562 142.23935111)
VMFEAT_POLICE_STATION.59914144,142330,142330,,emergency facility,police station,,RIDDELLS CREEK POLICE STATION,Riddells Creek Police Station,,,107,WRD,2021-04-20T00:00:00,53162611,22597,10,,,VIC,2009-05-21T02:07:29,,2021-04-22T07:42:16,1888147,POINT (-37.4619603 144.67857413)
VMFEAT_POLICE_STATION.59914145,142337,142337,,emergency facility,police station,,RINGWOOD POLICE STATION,Ringwood Police Station,,,107,ERW,2021-04-20T00:00:00,51102757,22645,10,,,VIC,2009-05-21T02:07:29,,2021-04-22T07:42:16,1888148,POINT (-37.81313539 145.22713634)
VMFEAT_POLICE_STATION.59914146,142415,142415,,emergency facility,police station,,ROBINVALE POLICE STATION,Robinvale Police Station,,,107,WRN,2021-04-20T00:00:00,129517012,22765,10,,,VIC,2009-05-21T02:07:30,,2021-04-22T07:42:16,1888149,POINT (-34.5855353 142.77061632)
VMFEAT_POLICE_STATION.59914130,142060,142060,,emergency facility,police station,,PORTARLINGTON POLICE STATION,Portarlington Police Station,,,107,WPA,2021-04-20T00:00:00,212177510,21667,10,,,VIC,2009-05-21T02:07:28,,2021-04-22T07:42:16,1888133,POINT (-38.11534444 144.65788732)
VMFEAT_POLICE_STATION.59914131,142064,142064,,emergency facility,police station,,PORTLAND POLICE STATION,Portland Police Station,,,107,WPL,2021-04-20T00:00:00,53162575,21687,10,,,VIC,2009-05-21T02:07:28,,2021-04-22T07:42:16,1888134,POINT (-38.35252453 141.60809728)
VMFEAT_POLICE_STATION.59914147,142425,142425,,emergency facility,police station,,ROCHESTER POLICE STATION,Rochester Police Station,,,107,WRC,2021-04-20T00:00:00,53165285,22783,10,,,VIC,2009-05-21T02:07:30,,2021-04-22T07:42:16,1888150,POINT (-36.36329108 144.69909605)
VMFEAT_POLICE_STATION.59914132,142083,142083,,emergency facility,police station,,PRAHRAN POLICE STATION,Prahran Police Station,,,107,SPH,2021-04-20T00:00:00,53656244,21779,10,,,VIC,2009-05-21T02:07:28,,2021-04-22T07:42:16,1888135,POINT (-37.84783726 145.00008732)
VMFEAT_POLICE_STATION.59914148,142474,142474,,emergency facility,police station,,ROKEWOOD POLICE STATION,Rokewood Police Station,,,107,WRK,2021-04-20T00:00:00,53372484,22885,10,,,VIC,2009-05-21T02:07:30,,2021-04-22T07:42:16,1888151,POINT (-37.90095037 143.72165341)
VMFEAT_POLICE_STATION.59914149,142486,142486,,emergency facility,police station,,ROMSEY POLICE STATION,Romsey Police Station,,,107,WRS,2021-04-20T00:00:00,135627618,22899,10,,,VIC,2009-05-21T02:07:30,,2021-04-22T07:42:16,1888152,POINT (-37.34375335 144.74171548)
VMFEAT_POLICE_STATION.59914133,142096,142096,,emergency facility,police station,,PRESTON POLICE STATION,Preston Police Station,,,107,NPS,2021-04-20T00:00:00,150677292,21809,10,,,VIC,2009-05-21T02:07:28,,2021-04-22T07:42:16,1888136,POINT (-37.73917226 145.00593259)
VMFEAT_POLICE_STATION.59914150,142520,142520,,emergency facility,police station,,ROSEBUD POLICE STATION,Rosebud Police Station,,,107,SRO,2021-04-20T00:00:00,211914608,22945,10,,,VIC,2009-05-21T02:07:30,,2021-04-22T07:42:16,1888153,POINT (-38.36981985 144.88965883)
VMFEAT_POLICE_STATION.59914151,142528,142528,,emergency facility,police station,,ROSEDALE POLICE STATION,Rosedale Police Station,,,107,ERL,2021-04-20T00:00:00,53261555,22958,10,,,VIC,2009-05-21T02:07:30,,2021-04-22T07:42:16,1888154,POINT (-38.15069887 146.78934002)
VMFEAT_POLICE_STATION.59914134,142159,142159,,emergency facility,police station,,PYALONG POLICE STATION,Pyalong Police Station,,,107,EPY,2021-04-20T00:00:00,432149373,21952,10,,,VIC,2009-05-21T02:07:28,,2021-04-22T07:42:16,1888137,POINT (-37.12332204 144.85684668)
VMFEAT_POLICE_STATION.59914152,142580,142580,,emergency facility,police station,,ROWVILLE POLICE STATION,Rowville Police Station,,,107,ERV,2021-04-20T00:00:00,150692072,-1384098,11,,,VIC,2009-05-21T02:07:32,,2021-04-22T07:42:16,1888155,POINT (-37.91889124 145.2388115)
VMFEAT_POLICE_STATION.59914135,142163,142163,,emergency facility,police station,,PYRAMID HILL POLICE STATION,Pyramid Hill Police Station,,,107,WPH,2021-04-20T00:00:00,54443754,21972,10,,,VIC,2009-05-21T02:07:28,,2021-04-22T07:42:16,1888138,POINT (-36.05498488 144.11306864)
VMFEAT_POLICE_STATION.59914153,142783,142783,,emergency facility,police station,,RUPANYUP POLICE STATION,Rupanyup Police Station,,,107,WRY,2021-04-20T00:00:00,54275108,23183,10,,,VIC,2009-05-21T02:07:33,,2021-04-22T07:42:16,1888156,POINT (-36.63310414 142.63070152)
VMFEAT_POLICE_STATION.59914154,142792,142792,,emergency facility,police station,,RUSHWORTH POLICE STATION,Rushworth Police Station,,,107,WRH,2021-04-20T00:00:00,432835312,23201,10,,,VIC,2009-05-21T02:07:33,,2021-04-22T07:42:16,1888157,POINT (-36.5904333 145.01670871)
VMFEAT_POLICE_STATION.59914155,142797,142797,,emergency facility,police station,,RUTHERGLEN POLICE STATION,Rutherglen Police Station,,,107,ERG,2021-04-20T00:00:00,134145309,23237,10,,,VIC,2009-05-21T02:07:33,,2021-04-22T07:42:16,1888158,POINT (-36.05648902 146.45864043)
VMFEAT_POLICE_STATION.59914136,142169,142169,,emergency facility,police station,,QUAMBATOOK POLICE STATION,Quambatook Police Station,,,107,WQM,2021-04-20T00:00:00,100220545,21996,10,,,VIC,2009-05-21T02:07:28,,2021-04-22T07:42:16,1888139,POINT (-35.85226746 143.52139651)
VMFEAT_POLICE_STATION.59914156,142810,142810,,emergency facility,police station,,RYE POLICE STATION,Rye Police Station,,,107,SRY,2021-04-20T00:00:00,53632841,23275,10,,,VIC,2009-05-21T02:07:33,,2021-04-22T07:42:16,1888159,POINT (-38.37064163 144.81892907)
VMFEAT_POLICE_STATION.59914157,142833,142833,,emergency facility,police station,,SALE POLICE STATION,Sale Police Station,,,107,ESL,2021-04-20T00:00:00,125363204,23456,10,,,VIC,2009-05-21T02:07:34,,2021-04-22T07:42:16,1888160,POINT (-38.11112574 147.06097962)
VMFEAT_POLICE_STATION.59914158,142860,142860,,emergency facility,police station,,SAN REMO POLICE STATION,San Remo Police Station,,,107,ESN,2021-04-20T00:00:00,132323134,-1384101,11,,,VIC,2009-05-21T02:07:34,,2021-04-22T07:42:16,1888161,POINT (-38.52103678 145.37841886)
VMFEAT_POLICE_STATION.59914159,142914,142914,,emergency facility,police station,,SEA LAKE POLICE STATION,Sea Lake Police Station,,,107,WSA,2021-04-20T00:00:00,53034482,23893,10,,,VIC,2009-05-21T02:07:34,,2021-04-22T07:42:16,1888162,POINT (-35.50247625 142.84975527)
VMFEAT_POLICE_STATION.59914137,142181,142181,,emergency facility,police station,,QUEENSCLIFF POLICE STATION,Queenscliff Police Station,,,107,WQC,2021-04-20T00:00:00,53631929,22053,10,,,VIC,2009-05-21T02:07:28,,2021-04-22T07:42:16,1888140,POINT (-38.27011504 144.6610162)
VMFEAT_POLICE_STATION.59914138,142206,142206,,emergency facility,police station,,RAINBOW POLICE STATION,Rainbow Police Station,,,107,WRW,2021-04-20T00:00:00,429254821,22140,10,,,VIC,2009-05-21T02:07:28,,2021-04-22T07:42:16,1888141,POINT (-35.90210359 141.99646384)
VMFEAT_POLICE_STATION.59914139,142237,142237,650581,emergency facility,police station,,RAWSON POLICE STATION,Rawson Police Station,CROXFORD PARK,,107,ERN,2021-04-20T00:00:00,125764494,22207,10,,,VIC,2009-05-21T02:07:29,,2021-04-22T07:42:16,1888142,POINT (-37.95615431 146.39756991)
VMFEAT_POLICE_STATION.59914160,142947,142947,,emergency facility,police station,,SERPENTINE POLICE STATION,Serpentine Police Station,,,107,WSR,2021-04-20T00:00:00,129394144,-1384119,11,,,VIC,2009-05-21T02:07:34,,2021-04-22T07:42:16,1888163,POINT (-36.4060113 143.97410801)
VMFEAT_POLICE_STATION.59914161,142957,142957,,emergency facility,police station,,SEYMOUR POLICE STATION,Seymour Police Station,,,107,ESY,2021-04-20T00:00:00,134157318,24061,10,,,VIC,2009-05-21T02:07:35,,2021-04-22T07:42:16,1888164,POINT (-37.01985793 145.12988912)
VMFEAT_POLICE_STATION.59914140,142240,142240,,emergency facility,police station,,RAYWOOD POLICE STATION,Raywood Police Station,,,107,WRA,2021-04-20T00:00:00,134118319,22224,10,,,VIC,2009-05-21T02:07:29,,2021-04-22T07:42:16,1888143,POINT (-36.53866855 144.20391578)
VMFEAT_POLICE_STATION.59914162,142998,142998,,emergency facility,police station,,SHEPPARTON POLICE STATION,Shepparton Police Station,,,107,ESP,2021-04-20T00:00:00,425956877,24262,10,,,VIC,2009-05-21T02:07:35,,2021-04-22T07:42:16,1888165,POINT (-36.38153018 145.39797972)
VMFEAT_POLICE_STATION.59914141,142248,142248,,emergency facility,police station,,RED CLIFFS POLICE STATION,Red Cliffs Police Station,,,107,WRE,2021-04-20T00:00:00,53379542,22271,10,,,VIC,2009-05-21T02:07:29,,2021-04-22T07:42:16,1888144,POINT (-34.30404523 142.18678013)
VMFEAT_POLICE_STATION.59914163,143063,143063,,emergency facility,police station,,SKIPTON POLICE STATION,Skipton Police Station,,,107,WSI,2021-04-20T00:00:00,53987047,24453,10,,,VIC,2009-05-21T02:07:36,,2021-04-22T07:42:16,1888166,POINT (-37.68395994 143.36118627)
VMFEAT_POLICE_STATION.59914164,143080,143080,,emergency facility,police station,,SMYTHESDALE POLICE STATION,Smythesdale Police Station,,,107,WSL,2021-04-20T00:00:00,53375910,24589,10,,,VIC,2009-05-21T02:07:36,,2021-04-22T07:42:16,1888167,POINT (-37.64322848 143.68652389)
VMFEAT_POLICE_STATION.59914165,143122,143122,,emergency facility,police station,,SORRENTO POLICE STATION,Sorrento Police Station,,,107,SSO,2021-04-20T00:00:00,54627602,24707,10,,,VIC,2009-05-21T02:07:36,,2021-04-22T07:42:16,1888168,POINT (-38.33613001 144.74214451)
VMFEAT_POLICE_STATION.59914166,143145,143145,,emergency facility,police station,,SOUTH MELBOURNE POLICE STATION,South Melbourne Police Station,,,107,SSM,2021-04-20T00:00:00,53658716,24759,10,,,VIC,2009-05-21T02:07:36,,2021-04-22T07:42:16,1888169,POINT (-37.83484704 144.95956912)
VMFEAT_POLICE_STATION.59914167,143181,143181,,emergency facility,police station,,SPEED POLICE STATION,Speed Police Station,,,107,WSE,2021-04-20T00:00:00,54304708,24836,10,,,VIC,2009-05-21T02:07:36,,2021-04-22T07:42:16,1888170,POINT (-35.40107783 142.44036409)
VMFEAT_POLICE_STATION.59914168,143230,143230,,emergency facility,police station,,SPRINGVALE POLICE STATION,Springvale Police Station,,,107,SSV,2021-04-20T00:00:00,202935965,25014,10,,,VIC,2009-05-21T02:07:37,,2021-04-22T07:42:16,1888171,POINT (-37.95524346 145.15143784)
VMFEAT_POLICE_STATION.59914169,143293,143293,,emergency facility,police station,,ST ARNAUD POLICE STATION,St Arnaud Police Station,,,107,WSD,2021-04-20T00:00:00,54240450,103666,10,,,VIC,2009-05-21T02:07:37,,2021-04-22T07:42:16,1888172,POINT (-36.61707013 143.25951662)
VMFEAT_POLICE_STATION.59914170,143510,143510,,emergency facility,police station,,ST KILDA POLICE STATION,St Kilda Police Station,,,107,SSK,2021-04-20T00:00:00,53151982,103689,10,,,VIC,2009-05-21T02:07:38,,2021-04-22T07:42:16,1888173,POINT (-37.86788733 144.99067766)
VMFEAT_POLICE_STATION.59914171,143741,143741,,emergency facility,police station,,STANHOPE POLICE STATION,Stanhope Police Station,,,107,WST,2021-04-20T00:00:00,422299299,25069,10,,,VIC,2009-05-21T02:07:43,,2021-04-22T07:42:16,1888174,POINT (-36.44643582 144.98509967)
VMFEAT_POLICE_STATION.59914172,143755,143755,,emergency facility,police station,,STAWELL POLICE STATION,Stawell Police Station,,,107,WSW,2021-04-20T00:00:00,54242418,25137,10,,,VIC,2009-05-21T02:07:43,,2021-04-22T07:42:16,1888175,POINT (-37.05569965 142.78404063)
VMFEAT_POLICE_STATION.59914173,143814,143814,,emergency facility,police station,,STRATFORD POLICE STATION,Stratford Police Station,,,107,ESF,2021-04-20T00:00:00,54412890,25420,10,,,VIC,2009-05-21T02:07:43,,2021-04-22T07:42:16,1888176,POINT (-37.96353172 147.08023674)
VMFEAT_POLICE_STATION.59914174,143880,143880,,emergency facility,police station,,SUNBURY POLICE STATION,Sunbury Police Station,,,107,NSB,2021-04-20T00:00:00,52167076,25628,10,,,VIC,2009-05-21T02:07:43,,2021-04-22T07:42:16,1888177,POINT (-37.57982463 144.73548145)
VMFEAT_POLICE_STATION.59914175,143925,143925,,emergency facility,police station,,SUNSHINE POLICE STATION,Sunshine Police Station,,,107,NSS,2021-04-20T00:00:00,151489819,25680,10,,,VIC,2009-05-21T02:07:44,,2021-04-22T07:42:16,1888178,POINT (-37.7775801 144.83136165)
VMFEAT_POLICE_STATION.59914176,143960,143960,,emergency facility,police station,,SWAN HILL POLICE STATION,Swan Hill Police Station,,,107,WSH,2021-04-20T00:00:00,131487026,25779,10,,,VIC,2009-05-21T02:07:44,,2021-04-22T07:42:16,1888179,POINT (-35.3560841 143.56265266)
VMFEAT_POLICE_STATION.59914143,142321,142321,,emergency facility,police station,,RICHMOND POLICE STATION,Richmond Police Station,,,107,NRM,2021-04-20T00:00:00,54025919,22579,10,,,VIC,2009-05-21T02:07:29,,2021-04-22T07:42:16,1888146,POINT (-37.81744931 144.99957837)
VMFEAT_POLICE_STATION.59914177,143985,143985,,emergency facility,police station,,SWIFTS CREEK POLICE STATION,Swifts Creek Police Station,,,107,ESC,2021-04-20T00:00:00,134112776,25832,10,,,VIC,2009-05-21T02:07:44,,2021-04-22T07:42:16,1888180,POINT (-37.26213233 147.72096277)
VMFEAT_POLICE_STATION.59913950,136105,136105,,emergency facility,police station,,CAMBERWELL POLICE STATION,Camberwell Police Station,,,107,ECL,2021-04-20T00:00:00,52128332,4460,10,,,VIC,2009-05-21T02:06:45,,2021-04-22T07:42:14,1887957,POINT (-37.83321537 145.05922623)
VMFEAT_POLICE_STATION.59913951,136128,136128,,emergency facility,police station,,CAMPERDOWN POLICE STATION,Camperdown Police Station,,,107,WCD,2021-04-20T00:00:00,51126532,4580,10,,,VIC,2009-05-21T02:06:45,,2021-04-22T07:42:14,1887958,POINT (-38.2305167 143.14609541)
VMFEAT_POLICE_STATION.59913952,136150,136150,,emergency facility,police station,,CANN RIVER POLICE STATION,Cann River Police Station,,,107,ECR,2021-04-20T00:00:00,135380642,4622,10,,,VIC,2009-05-21T02:06:45,,2021-04-22T07:42:14,1887959,POINT (-37.56472879 149.15223276)
VMFEAT_POLICE_STATION.59913953,136248,136248,,emergency facility,police station,,CAROLINE SPRINGS POLICE STATION,Caroline Springs Police Station,,,107,NCL,2021-04-20T00:00:00,210240531,-1384112,11,,,VIC,2009-05-21T02:06:46,,2021-04-22T07:42:14,1887960,POINT (-37.73072003 144.74122409)
VMFEAT_POLICE_STATION.59913954,136295,136295,,emergency facility,police station,,CASTERTON POLICE STATION,Casterton Police Station,,,107,WCT,2021-04-20T00:00:00,54297756,4945,10,,,VIC,2009-05-21T02:06:46,,2021-04-22T07:42:14,1887961,POINT (-37.58532452 141.40602714)
VMFEAT_POLICE_STATION.59913955,136302,136302,,emergency facility,police station,,CASTLEMAINE POLICE STATION,Castlemaine Police Station,,,107,WCM,2021-04-20T00:00:00,53306263,4973,10,,,VIC,2009-05-21T02:06:46,,2021-04-22T07:42:14,1887962,POINT (-37.0637305 144.21936548)
VMFEAT_POLICE_STATION.59913956,136336,136336,,emergency facility,police station,,CAULFIELD POLICE STATION,Caulfield Police Station,,,107,SCF,2021-04-20T00:00:00,53666217,5037,10,,,VIC,2009-05-21T02:06:46,,2021-04-22T07:42:14,1887963,POINT (-37.88129358 145.02327126)
VMFEAT_POLICE_STATION.59913957,136352,136352,,emergency facility,police station,,CAVENDISH POLICE STATION,Cavendish Police Station,,,107,WCV,2021-04-20T00:00:00,132914321,5066,10,,,VIC,2009-05-21T02:06:46,,2021-04-22T07:42:14,1887964,POINT (-37.52720495 142.04041039)
VMFEAT_POLICE_STATION.59913958,136402,136402,,emergency facility,police station,,CHARLTON POLICE STATION,Charlton Police Station,,,107,WCN,2021-04-20T00:00:00,53140854,5288,10,,,VIC,2009-05-21T02:06:47,,2021-04-22T07:42:14,1887965,POINT (-36.26960541 143.34837347)
VMFEAT_POLICE_STATION.59913959,136415,136415,,emergency facility,police station,,CHELSEA POLICE STATION,Chelsea Police Station,,,107,SCS,2021-04-20T00:00:00,54544628,5315,10,,,VIC,2009-05-21T02:06:47,,2021-04-22T07:42:14,1887966,POINT (-38.05135574 145.1163276)
VMFEAT_POLICE_STATION.59913960,136423,136423,,emergency facility,police station,,CHELTENHAM POLICE STATION,Cheltenham Police Station,,,107,SCH,2021-04-20T00:00:00,219021082,5327,10,,,VIC,2009-05-21T02:06:47,,2021-04-22T07:42:14,1887967,POINT (-37.96474396 145.05658722)
VMFEAT_POLICE_STATION.59913961,136446,136446,,emergency facility,police station,,CHILTERN POLICE STATION,Chiltern Police Station,,,107,ECT,2021-04-20T00:00:00,420340490,5409,10,,,VIC,2009-05-21T02:06:47,,2021-04-22T07:42:14,1887968,POINT (-36.14814524 146.61057136)
VMFEAT_POLICE_STATION.59913962,136480,136480,,emergency facility,police station,,CHURCHILL POLICE STATION,Churchill Police Station,,,107,ECC,2021-04-20T00:00:00,54567498,5515,10,,,VIC,2009-05-21T02:06:47,,2021-04-22T07:42:14,1887969,POINT (-38.3077281 146.41738404)
VMFEAT_POLICE_STATION.59913963,136518,136518,,emergency facility,police station,,CLAYTON POLICE STATION,Clayton Police Station,,,107,ECY,2021-04-20T00:00:00,52154682,5585,10,,,VIC,2009-05-21T02:06:47,,2021-04-22T07:42:14,1887970,POINT (-37.92013756 145.12046673)
VMFEAT_POLICE_STATION.59913964,136567,136567,,emergency facility,police station,,CLUNES POLICE STATION,Clunes Police Station,,,107,WCU,2021-04-20T00:00:00,134125057,5691,10,,,VIC,2009-05-21T02:06:48,,2021-04-22T07:42:14,1887971,POINT (-37.29514951 143.783629)
VMFEAT_POLICE_STATION.59913965,136593,136593,,emergency facility,police station,,COBDEN POLICE STATION,Cobden Police Station,,,107,WCB,2021-04-20T00:00:00,53976506,5754,10,,,VIC,2009-05-21T02:06:48,,2021-04-22T07:42:14,1887972,POINT (-38.32819155 143.07556138)
VMFEAT_POLICE_STATION.59913966,136599,136599,,emergency facility,police station,,COBRAM POLICE STATION,Cobram Police Station,,,107,ECB,2021-04-20T00:00:00,54403234,5776,10,,,VIC,2009-05-21T02:06:48,,2021-04-22T07:42:14,1887973,POINT (-35.92038363 145.65097438)
VMFEAT_POLICE_STATION.59913967,136628,136628,,emergency facility,police station,,COHUNA POLICE STATION,Cohuna Police Station,,,107,WCH,2021-04-20T00:00:00,53749368,5872,10,,,VIC,2009-05-21T02:06:48,,2021-04-22T07:42:14,1887974,POINT (-35.8113448 144.22153355)
VMFEAT_POLICE_STATION.59913969,136662,136662,,emergency facility,police station,,COLERAINE POLICE STATION,Coleraine Police Station,,,107,WCE,2021-04-20T00:00:00,50008536,-1384117,11,,,VIC,2009-05-21T02:06:48,,2021-04-22T07:42:14,1887976,POINT (-37.59986087 141.69305785)
VMFEAT_POLICE_STATION.59913970,136672,136672,,emergency facility,police station,,COLLINGWOOD POLICE STATION,Collingwood Police Station,,,107,NCW,2021-04-20T00:00:00,219089160,5975,10,,,VIC,2009-05-21T02:06:48,,2021-04-22T07:42:14,1887977,POINT (-37.80404328 144.99356789)
VMFEAT_POLICE_STATION.59913971,136799,136799,,emergency facility,police station,,CORIO POLICE STATION,Corio Police Station,,,107,WCO,2021-04-20T00:00:00,53028745,-1384142,11,,,VIC,2009-05-21T02:06:50,,2021-04-22T07:42:14,1887978,POINT (-38.07390162 144.35823332)
VMFEAT_POLICE_STATION.59913972,136835,136835,,emergency facility,police station,,CORRYONG POLICE STATION,Corryong Police Station,,,107,ECG,2021-04-20T00:00:00,53309722,6356,10,,,VIC,2009-05-21T02:06:50,,2021-04-22T07:42:14,1887979,POINT (-36.19451372 147.90394138)
VMFEAT_POLICE_STATION.59913973,136861,136861,,emergency facility,police station,,COWES POLICE STATION,Cowes Police Station,,,107,ECS,2021-04-20T00:00:00,125076019,6424,10,,,VIC,2009-05-21T02:06:50,,2021-04-22T07:42:14,1887980,POINT (-38.45008063 145.23526044)
VMFEAT_POLICE_STATION.59913974,136874,136874,647011,emergency facility,police station,,CRAIGIEBURN POLICE STATION,Craigieburn Police Station,,,107,NCI,2021-04-20T00:00:00,51194558,-1384100,11,,,VIC,2009-05-21T02:06:50,,2021-04-22T07:42:14,1887981,POINT (-37.59834567 144.93311945)
VMFEAT_POLICE_STATION.59913975,136884,136884,,emergency facility,police station,,CRANBOURNE POLICE STATION,Cranbourne Police Station,,,107,SCN,2021-04-20T00:00:00,53151775,6473,10,,,VIC,2009-05-21T02:06:51,,2021-04-22T07:42:14,1887982,POINT (-38.11336242 145.28342948)
VMFEAT_POLICE_STATION.59913976,136908,136908,,emergency facility,police station,,CRESSY POLICE STATION,Cressy Police Station,,,107,WCY,2021-04-20T00:00:00,123905789,6524,10,,,VIC,2009-05-21T02:06:51,,2021-04-22T07:42:14,1887983,POINT (-38.03170404 143.63364557)
VMFEAT_POLICE_STATION.59913977,136914,136914,,emergency facility,police station,,CRESWICK POLICE STATION,Creswick Police Station,,,107,WCK,2021-04-20T00:00:00,134124745,6540,10,,,VIC,2009-05-21T02:06:51,,2021-04-22T07:42:14,1887984,POINT (-37.42989847 143.89234724)
VMFEAT_POLICE_STATION.59913978,136932,136932,,emergency facility,police station,,CROYDON POLICE STATION,Croydon Police Station,,,107,ECD,2021-04-20T00:00:00,150259493,6639,10,,,VIC,2009-05-21T02:06:51,,2021-04-22T07:42:14,1887985,POINT (-37.79921657 145.27849894)
VMFEAT_POLICE_STATION.59913979,136966,136966,,emergency facility,police station,,CULGOA POLICE STATION,Culgoa Police Station,,,107,WCA,2021-04-20T00:00:00,54178411,6685,10,,,VIC,2009-05-21T02:06:51,,2021-04-22T07:42:14,1887986,POINT (-35.71746879 143.10626686)
VMFEAT_POLICE_STATION.59913980,137030,137030,,emergency facility,police station,,DANDENONG POLICE STATION,Dandenong Police Station,,,107,SDG,2021-04-20T00:00:00,218991526,6861,10,,,VIC,2009-05-21T02:06:51,,2021-04-22T07:42:14,1887987,POINT (-37.99024861 145.21738492)
VMFEAT_POLICE_STATION.59913982,137089,137089,,emergency facility,police station,,DAYLESFORD POLICE STATION,Daylesford Police Station,,,107,WDF,2021-04-20T00:00:00,128030844,7029,10,,,VIC,2009-05-21T02:06:53,,2021-04-22T07:42:14,1887989,POINT (-37.34037287 144.1426707)
VMFEAT_POLICE_STATION.59913983,137104,137104,,emergency facility,police station,,DEDERANG POLICE STATION,Dederang Police Station,,,107,EDE,2021-04-20T00:00:00,54388922,7121,10,,,VIC,2009-05-21T02:06:53,,2021-04-22T07:42:14,1887990,POINT (-36.47162709 147.01760282)
VMFEAT_POLICE_STATION.59913984,137176,137176,,emergency facility,police station,,DIAMOND CREEK POLICE STATION,Diamond Creek Police Station,,,107,NDD,2021-04-20T00:00:00,219067915,7401,10,,,VIC,2009-05-21T02:06:53,,2021-04-22T07:42:14,1887991,POINT (-37.67408967 145.16059418)
VMFEAT_POLICE_STATION.59913985,137193,137193,,emergency facility,police station,,DIMBOOLA POLICE STATION,Dimboola Police Station,,,107,WDB,2021-04-20T00:00:00,52232390,7470,10,,,VIC,2009-05-21T02:06:53,,2021-04-22T07:42:14,1887992,POINT (-36.45644008 142.02788151)
VMFEAT_POLICE_STATION.59913986,137231,137231,,emergency facility,police station,,DONALD POLICE STATION,Donald Police Station,,,107,WDO,2021-04-20T00:00:00,54145593,7664,10,,,VIC,2009-05-21T02:06:53,,2021-04-22T07:42:14,1887993,POINT (-36.37365692 142.98406651)
VMFEAT_POLICE_STATION.59913987,137238,137238,,emergency facility,police station,,DONCASTER POLICE STATION,Doncaster Police Station,,,107,EDC,2021-04-20T00:00:00,52125638,7681,10,,,VIC,2009-05-21T02:06:53,,2021-04-22T07:42:14,1887994,POINT (-37.78842363 145.15783161)
VMFEAT_POLICE_STATION.59913988,137251,137251,,emergency facility,police station,,DOOKIE POLICE STATION,Dookie Police Station,,,107,EDI,2021-04-20T00:00:00,134122568,7733,10,,,VIC,2009-05-21T02:06:53,,2021-04-22T07:42:14,1887995,POINT (-36.3304489 145.68570375)
VMFEAT_POLICE_STATION.59913989,137283,137283,,emergency facility,police station,,DROMANA POLICE STATION,Dromana Police Station,,,107,SDA,2021-04-20T00:00:00,53632586,7851,10,,,VIC,2009-05-21T02:06:53,,2021-04-22T07:42:14,1887996,POINT (-38.33473171 144.96105162)
VMFEAT_POLICE_STATION.59913990,137291,137291,,emergency facility,police station,,DROUIN POLICE STATION,Drouin Police Station,,,107,EDR,2021-04-20T00:00:00,52117161,7866,10,,,VIC,2009-05-21T02:06:53,,2021-04-22T07:42:14,1887997,POINT (-38.13021266 145.8493238)
VMFEAT_POLICE_STATION.59913991,137306,137306,,emergency facility,police station,,DRYSDALE POLICE STATION,Drysdale Police Station,,,107,WDS,2021-04-20T00:00:00,53172605,7952,10,,,VIC,2009-05-21T02:06:53,,2021-04-22T07:42:14,1887998,POINT (-38.17496926 144.5697641)
VMFEAT_POLICE_STATION.59913992,137328,137328,,emergency facility,police station,,DUNKELD POLICE STATION,Dunkeld Police Station,,,107,WDK,2021-04-20T00:00:00,54240838,8047,10,,,VIC,2009-05-21T02:06:53,,2021-04-22T07:42:14,1887999,POINT (-37.6499802 142.34504261)
VMFEAT_POLICE_STATION.59913993,137337,137337,,emergency facility,police station,,DUNOLLY POLICE STATION,Dunolly Police Station,,,107,WDY,2021-04-20T00:00:00,54250911,8083,10,,,VIC,2009-05-21T02:06:53,,2021-04-22T07:42:14,1888000,POINT (-36.85712091 143.73365404)
VMFEAT_POLICE_STATION.59913994,137416,137416,,emergency facility,police station,,ECHUCA POLICE STATION,Echuca Police Station,,,107,WEC,2021-04-20T00:00:00,53966260,8299,10,,,VIC,2009-05-21T02:06:54,,2021-04-22T07:42:14,1888001,POINT (-36.12590244 144.75426267)
VMFEAT_POLICE_STATION.59913995,137442,137442,,emergency facility,police station,,EDENHOPE POLICE STATION,Edenhope Police Station,,,107,WEP,2021-04-20T00:00:00,54279625,8335,10,,,VIC,2009-05-21T02:06:54,,2021-04-22T07:42:14,1888002,POINT (-37.03639009 141.29286823)
VMFEAT_POLICE_STATION.59913996,137471,137471,,emergency facility,police station,,EILDON POLICE STATION,Eildon Police Station,,,107,EEN,2021-04-20T00:00:00,53151946,8401,10,,,VIC,2009-05-21T02:06:54,,2021-04-22T07:42:14,1888003,POINT (-37.23227627 145.91032254)
VMFEAT_POLICE_STATION.59913997,137512,137512,,emergency facility,police station,,ELMHURST POLICE STATION,Elmhurst Police Station,,,107,WET,2021-04-20T00:00:00,134102384,8487,10,,,VIC,2009-05-21T02:06:55,,2021-04-22T07:42:14,1888004,POINT (-37.18084291 143.25050682)
VMFEAT_POLICE_STATION.59913998,137515,137515,,emergency facility,police station,,ELMORE POLICE STATION,Elmore Police Station,,,107,WEM,2021-04-20T00:00:00,125511507,8498,10,,,VIC,2009-05-21T02:06:55,,2021-04-22T07:42:14,1888005,POINT (-36.49599314 144.61103433)
VMFEAT_POLICE_STATION.59913999,137526,137526,,emergency facility,police station,,ELTHAM POLICE STATION,Eltham Police Station,,,107,NEM,2021-04-20T00:00:00,50554160,8537,10,,,VIC,2009-05-21T02:06:55,,2021-04-22T07:42:14,1888006,POINT (-37.7134472 145.15063747)
VMFEAT_POLICE_STATION.59914000,137539,137539,,emergency facility,police station,,EMERALD POLICE STATION,Emerald Police Station,,,107,SED,2021-04-20T00:00:00,421714395,8559,10,,,VIC,2009-05-21T02:06:56,,2021-04-22T07:42:14,1888007,POINT (-37.93051106 145.44392646)
VMFEAT_POLICE_STATION.59914001,137572,137572,78732,emergency facility,police station,,ENDEAVOUR HILLS POLICE STATION,Endeavour Hills Police Station,,,107,SEN,2021-04-20T00:00:00,422531373,-1384106,11,,,VIC,2009-05-21T02:06:56,,2021-04-22T07:42:14,1888008,POINT (-37.97566296 145.26167565)
VMFEAT_POLICE_STATION.59914002,137581,137581,,emergency facility,police station,,EPPING POLICE STATION,Epping Police Station,,,107,NEP,2021-04-20T00:00:00,53157685,8639,10,,,VIC,2009-05-21T02:06:56,,2021-04-22T07:42:14,1888009,POINT (-37.64674204 145.02589162)
VMFEAT_POLICE_STATION.59914003,137635,137635,,emergency facility,police station,,EUROA POLICE STATION,Euroa Police Station,,,107,EEU,2021-04-20T00:00:00,54362672,8748,10,,,VIC,2009-05-21T02:06:56,,2021-04-22T07:42:14,1888010,POINT (-36.75173151 145.57269382)
VMFEAT_POLICE_STATION.59914004,137701,137701,,emergency facility,police station,,FALLS CREEK POLICE STATION,Falls Creek Police Station,,,107,EFA,2021-04-20T00:00:00,420726200,-1384130,11,,,VIC,2009-05-21T02:06:56,,2021-04-22T07:42:14,1888011,POINT (-36.863572 147.282684)
VMFEAT_POLICE_STATION.59914178,144024,144024,693149,emergency facility,police station,,TALLANGATTA POLICE STATION,Tallangatta Police Station,TALLANGATTA FORESHORE RESERVE,,107,ETA,2021-04-20T00:00:00,125983937,25987,10,,,VIC,2009-05-21T02:07:45,,2021-04-22T07:42:16,1888181,POINT (-36.21548022 147.18043976)
VMFEAT_POLICE_STATION.59914179,144063,144063,,emergency facility,police station,,TANGAMBALANGA POLICE STATION,Tangambalanga Police Station,,,107,ETM,2021-04-20T00:00:00,54201650,26068,10,,,VIC,2009-05-21T02:07:45,,2021-04-22T07:42:16,1888182,POINT (-36.25128735 147.03461642)
VMFEAT_POLICE_STATION.59914180,144106,144106,,emergency facility,police station,,TARNAGULLA POLICE STATION,Tarnagulla Police Station,,,107,WTG,2021-04-20T00:00:00,54212700,26141,10,,,VIC,2009-05-21T02:07:45,,2021-04-22T07:42:16,1888183,POINT (-36.7701221 143.8331318)
VMFEAT_POLICE_STATION.59914181,144133,144133,,emergency facility,police station,,TATURA POLICE STATION,Tatura Police Station,,,107,ETT,2021-04-20T00:00:00,54744725,26243,10,,,VIC,2009-05-21T02:07:45,,2021-04-22T07:42:16,1888184,POINT (-36.43995736 145.23147442)
VMFEAT_POLICE_STATION.59914182,144185,144185,,emergency facility,police station,,TERANG POLICE STATION,Terang Police Station,,,107,WTN,2021-04-20T00:00:00,53983439,26431,10,,,VIC,2009-05-21T02:07:46,,2021-04-22T07:42:16,1888185,POINT (-38.24081464 142.91963064)
VMFEAT_POLICE_STATION.59914201,612267,612267,,emergency facility,police station,,WEDDERBURN POLICE STATION,Wedderburn Police Station,,,107,WWB,2021-04-20T00:00:00,52039912,28894,10,,,VIC,2009-05-21T03:07:21,,2021-04-22T07:42:17,1888203,POINT (-36.41682117 143.61160517)
VMFEAT_POLICE_STATION.59914202,612322,612322,,emergency facility,police station,,WERRIBEE POLICE STATION,Werribee Police Station,,,107,NWB,2021-04-20T00:00:00,53642616,29033,10,,,VIC,2009-05-21T03:07:22,,2021-04-22T07:42:17,1888204,POINT (-37.89396966 144.68104353)
VMFEAT_POLICE_STATION.59914183,144427,144427,,emergency facility,police station,,TIMBOON POLICE STATION,Timboon Police Station,,,107,WTB,2021-04-20T00:00:00,54261201,27047,10,,,VIC,2009-05-21T02:07:47,,2021-04-22T07:42:16,1888186,POINT (-38.4834406 142.97125155)
VMFEAT_POLICE_STATION.59914203,612333,612333,,emergency facility,police station,,WERRIMULL POLICE STATION,Werrimull Police Station,,,107,WWU,2021-04-20T00:00:00,134155109,29049,10,,,VIC,2009-05-21T03:07:22,,2021-04-22T07:42:17,1888205,POINT (-34.3873707 141.59752757)
VMFEAT_POLICE_STATION.59914204,612423,612423,,emergency facility,police station,,WHITFIELD POLICE STATION,Whitfield Police Station,,,107,EWF,2021-04-20T00:00:00,54689192,29336,10,,,VIC,2009-05-21T03:07:22,,2021-04-22T07:42:17,1888206,POINT (-36.76395619 146.41424868)
VMFEAT_POLICE_STATION.59914205,612428,612428,,emergency facility,police station,,WHITTLESEA POLICE STATION,Whittlesea Police Station,,,107,NWS,2021-04-20T00:00:00,53572136,29352,10,,,VIC,2009-05-21T03:07:22,,2021-04-22T07:42:17,1888207,POINT (-37.51016546 145.11862396)
VMFEAT_POLICE_STATION.59914206,612468,612468,,emergency facility,police station,,WILLAURA POLICE STATION,Willaura Police Station,,,107,WWA,2021-04-20T00:00:00,54076504,29512,10,,,VIC,2009-05-21T03:07:23,,2021-04-22T07:42:17,1888208,POINT (-37.54600901 142.74112631)
VMFEAT_POLICE_STATION.59914207,612478,612478,,emergency facility,police station,,WILLIAMSTOWN POLICE STATION,Williamstown Police Station,,,107,NWN,2021-04-20T00:00:00,219009984,29560,10,,,VIC,2009-05-21T03:07:23,,2021-04-22T07:42:17,1888209,POINT (-37.86338218 144.90619973)
VMFEAT_POLICE_STATION.59914208,612548,612548,,emergency facility,police station,,WINCHELSEA POLICE STATION,Winchelsea Police Station,,,107,WWI,2021-04-20T00:00:00,53045473,29654,10,,,VIC,2009-05-21T03:07:23,,2021-04-22T07:42:17,1888210,POINT (-38.24426534 143.98989708)
VMFEAT_POLICE_STATION.59914210,612674,612674,,emergency facility,police station,,WONTHAGGI POLICE STATION,Wonthaggi Police Station,,,107,EWN,2021-04-20T00:00:00,54370935,29902,10,,,VIC,2009-05-21T03:07:24,,2021-04-22T07:42:17,1888211,POINT (-38.60762186 145.58993868)
VMFEAT_POLICE_STATION.59914211,612698,612698,,emergency facility,police station,,WOODEND POLICE STATION,Woodend Police Station,,,107,WWD,2021-04-20T00:00:00,54035663,29942,10,,,VIC,2009-05-21T03:07:24,,2021-04-22T07:42:17,1888212,POINT (-37.35440496 144.52664795)
VMFEAT_POLICE_STATION.59914212,612736,612736,,emergency facility,police station,,WOODS POINT POLICE STATION,Woods Point Police Station,,,107,EWP,2021-04-20T00:00:00,54392293,29978,10,,,VIC,2009-05-21T03:07:24,,2021-04-22T07:42:17,1888213,POINT (-37.56740189 146.25093239)
VMFEAT_POLICE_STATION.59914213,612763,612763,,emergency facility,police station,,WOOMELANG POLICE STATION,Woomelang Police Station,,,107,WWL,2021-04-20T00:00:00,53369335,30061,10,,,VIC,2009-05-21T03:07:24,,2021-04-22T07:42:17,1888214,POINT (-35.68103021 142.66573618)
VMFEAT_POLICE_STATION.59914184,144464,144464,,emergency facility,police station,,TONGALA POLICE STATION,Tongala Police Station,,,107,WTO,2021-04-20T00:00:00,129891146,27197,10,,,VIC,2009-05-21T02:07:48,,2021-04-22T07:42:16,1888187,POINT (-36.2490128 144.950468)
VMFEAT_POLICE_STATION.59914185,144494,144494,,emergency facility,police station,,TOORA POLICE STATION,Toora Police Station,,,107,ETR,2021-04-20T00:00:00,54609689,27312,10,,,VIC,2009-05-21T02:07:48,,2021-04-22T07:42:16,1888188,POINT (-38.66157581 146.32472219)
VMFEAT_POLICE_STATION.59914214,612814,612814,,emergency facility,police station,,WYCHEPROOF POLICE STATION,Wycheproof Police Station,,,107,WWH,2021-04-20T00:00:00,134107895,30226,10,,,VIC,2009-05-21T03:07:26,,2021-04-22T07:42:17,1888215,POINT (-36.07445539 143.22596515)
VMFEAT_POLICE_STATION.59914215,612861,612861,,emergency facility,police station,,YACKANDANDAH POLICE STATION,Yackandandah Police Station,,,107,EYK,2021-04-20T00:00:00,53277701,30303,10,,,VIC,2009-05-21T03:07:26,,2021-04-22T07:42:17,1888216,POINT (-36.31063673 146.84250919)
VMFEAT_POLICE_STATION.59914186,144518,144518,,emergency facility,police station,,TORQUAY POLICE STATION,Torquay Police Station,,,107,WTQ,2021-04-20T00:00:00,202644357,27372,10,,,VIC,2009-05-21T02:07:49,,2021-04-22T07:42:16,1888189,POINT (-38.32551343 144.31805034)
VMFEAT_POLICE_STATION.59914187,144537,144537,,emergency facility,police station,,TRAFALGAR POLICE STATION,Trafalgar Police Station,,,107,ETF,2021-04-20T00:00:00,130945724,27447,10,,,VIC,2009-05-21T02:07:49,,2021-04-22T07:42:16,1888190,POINT (-38.21263771 146.15419483)
VMFEAT_POLICE_STATION.59914188,144547,144547,,emergency facility,police station,,TRARALGON POLICE STATION,Traralgon Police Station,,,107,ETL,2021-04-20T00:00:00,53743518,27491,10,,,VIC,2009-05-21T02:07:49,,2021-04-22T07:42:16,1888191,POINT (-38.19485279 146.53660498)
VMFEAT_POLICE_STATION.59914189,144573,144573,,emergency facility,police station,,TRENTHAM POLICE STATION,Trentham Police Station,,,107,WTE,2021-04-20T00:00:00,52141474,27548,10,,,VIC,2009-05-21T02:07:49,,2021-04-22T07:42:16,1888192,POINT (-37.39068301 144.32120693)
VMFEAT_POLICE_STATION.59914216,612914,612914,,emergency facility,police station,,YARRA GLEN POLICE STATION,Yarra Glen Police Station,,,107,EYG,2021-04-20T00:00:00,430036719,30476,10,,,VIC,2009-05-21T03:07:26,,2021-04-22T07:42:17,1888217,POINT (-37.66021243 145.37320134)
VMFEAT_POLICE_STATION.59914190,144623,144623,,emergency facility,police station,,TUNGAMAH POLICE STATION,Tungamah Police Station,,,107,ETH,2021-04-20T00:00:00,54404137,27646,10,,,VIC,2009-05-21T02:07:49,,2021-04-22T07:42:16,1888193,POINT (-36.16504321 145.88082543)
VMFEAT_POLICE_STATION.59914217,612917,612917,,emergency facility,police station,,YARRA JUNCTION POLICE STATION,Yarra Junction Police Station,,,107,EYJ,2021-04-20T00:00:00,53353644,30480,10,,,VIC,2009-05-21T03:07:26,,2021-04-22T07:42:17,1888218,POINT (-37.78019864 145.60701676)
VMFEAT_POLICE_STATION.59914218,612941,612941,,emergency facility,police station,,YARRAM POLICE STATION,Yarram Police Station,,,107,EYM,2021-04-20T00:00:00,53259246,30527,10,,,VIC,2009-05-21T03:07:26,,2021-04-22T07:42:17,1888219,POINT (-38.55996058 146.67705284)
VMFEAT_POLICE_STATION.59914191,144673,144673,,emergency facility,police station,,UNDERBOOL POLICE STATION,Underbool Police Station,,,107,WUB,2021-04-20T00:00:00,134156779,27872,10,,,VIC,2009-05-21T02:07:50,,2021-04-22T07:42:16,1888194,POINT (-35.17111952 141.80992578)
VMFEAT_POLICE_STATION.59914219,612962,612962,,emergency facility,police station,,YARRAWONGA POLICE STATION,Yarrawonga Police Station,,,107,EYW,2021-04-20T00:00:00,126257014,30573,10,,,VIC,2009-05-21T03:07:26,,2021-04-22T07:42:17,1888220,POINT (-36.02089718 145.9952586)
VMFEAT_POLICE_STATION.59914192,611982,611982,,emergency facility,police station,,VIOLET TOWN POLICE STATION,Violet Town Police Station,,,107,EVT,2021-04-20T00:00:00,54736580,28111,10,,,VIC,2009-05-21T03:07:19,,2021-04-22T07:42:16,1888195,POINT (-36.63617795 145.71526633)
VMFEAT_POLICE_STATION.59914220,612977,612977,,emergency facility,police station,,YEA POLICE STATION,Yea Police Station,,,107,EYA,2021-04-20T00:00:00,54130840,30622,10,,,VIC,2009-05-21T03:07:26,,2021-04-22T07:42:17,1888221,POINT (-37.21052291 145.42672399)
VMFEAT_POLICE_STATION.59914194,612054,612054,,emergency facility,police station,,WALWA POLICE STATION,Walwa Police Station,,,107,EWW,2021-04-20T00:00:00,54367323,28381,10,,,VIC,2009-05-21T03:07:19,,2021-04-22T07:42:16,1888197,POINT (-35.96496979 147.73368835)
VMFEAT_POLICE_STATION.59914221,685753,685753,,emergency facility,police station,,BOX HILL POLICE STATION,Box Hill Police Station,,,107,EBH,2021-04-20T00:00:00,5187,3198,10,,,VIC,2010-05-03T12:20:53,,2021-04-22T07:42:17,1888222,POINT (-37.81808498 145.12729827)
VMFEAT_POLICE_STATION.59914195,612091,612091,,emergency facility,police station,,WANGARATTA POLICE STATION,Wangaratta Police Station,,,107,EWT,2021-04-20T00:00:00,53864295,28444,10,,,VIC,2009-05-21T03:07:20,,2021-04-22T07:42:17,1888198,POINT (-36.36095008 146.31414044)
VMFEAT_POLICE_STATION.59914196,612125,612125,,emergency facility,police station,,WARBURTON POLICE STATION,Warburton Police Station,,,107,EWR,2021-04-20T00:00:00,210748347,-1384123,11,,,VIC,2009-05-21T03:07:20,,2021-04-22T07:42:17,1888199,POINT (-37.75449357 145.68806477)
VMFEAT_POLICE_STATION.59914199,612171,612171,,emergency facility,police station,,WARRANDYTE POLICE STATION,Warrandyte Police Station,,,107,EWY,2021-04-20T00:00:00,53656695,28616,10,,,VIC,2009-05-21T03:07:20,,2021-04-22T07:42:17,1888201,POINT (-37.74088661 145.21290474)
VMFEAT_POLICE_STATION.59914223,765066,765066,,emergency facility,police station,,BAYSIDE POLICE STATION,Bayside Police Station,,,107,SBY,2021-04-20T00:00:00,53632853,-1384109,11,,,VIC,2010-09-16T11:26:56,,2021-04-22T07:42:17,1888224,POINT (-37.94856942 145.00376001)
VMFEAT_POLICE_STATION.59914224,765068,765068,,emergency facility,police station,,CARRUM DOWNS POLICE STATION,Carrum Downs Police Station,,,107,SCD,2021-04-20T00:00:00,420172914,-1384132,11,,,VIC,2010-09-16T11:26:56,,2021-04-22T07:42:17,1888225,POINT (-38.11479826 145.1733094)
VMFEAT_POLICE_STATION.59914237,995657,995657,,emergency facility,police station,,BALLARAT NORTH POLICE STATION,Ballarat North Police Station,,,107,WNB,2021-04-20T00:00:00,54724869,-1384125,11,,,VIC,2013-10-04T11:37:44,,2021-04-22T07:42:17,1888235,POINT (-37.53577365 143.85517714)
VMFEAT_POLICE_STATION.59914241,1003958,1003958,,emergency facility,police station,,WAURN PONDS POLICE STATION,Waurn Ponds Police Station,,,107,WWP,2021-04-20T00:00:00,422952573,-1400575,11,,,VIC,2014-10-13T15:49:31,,2021-04-22T07:42:17,1888237,POINT (-38.20254615 144.31263014)
VMFEAT_POLICE_STATION.59914228,765073,765073,70113,emergency facility,police station,,LOCH SPORT POLICE STATION,Loch Sport Police Station,CHARLES STREET RESERVE,,107,ELS,2021-04-20T00:00:00,134478303,-1384131,11,,,VIC,2010-09-16T11:26:56,,2021-04-22T07:42:17,1888227,POINT (-38.05799992 147.56734778)
VMFEAT_POLICE_STATION.59914243,1138304,1138304,647769,emergency facility,police station,,FOREST HILL POLICE STATION,Forest Hill Police Station,,,107,EFH,2021-04-20T00:00:00,423754097,-1675235,11,,,VIC,2016-06-16T12:20:22,,2021-04-22T07:42:17,1888238,POINT (-37.84581669 145.17131622)
VMFEAT_POLICE_STATION.59914230,765075,765075,75333,emergency facility,police station,,MARYSVILLE POLICE STATION,Marysville Police Station,GALLIPOLI PARK,,107,EMV,2021-04-20T00:00:00,221346329,16302,10,,,VIC,2010-09-16T11:26:56,,2021-04-22T07:42:17,1888228,POINT (-37.5105102 145.74780845)
VMFEAT_POLICE_STATION.59914244,1138305,1138305,,emergency facility,police station,,SOUTHBANK POLICE STATION,Southbank Police Station,,,107,NSO,2021-04-20T00:00:00,219059702,-1675236,11,,,VIC,2016-06-16T12:20:22,,2021-04-22T07:42:17,1888239,POINT (-37.828319 144.96093881)
VMFEAT_POLICE_STATION.59914245,1142654,1142654,,emergency facility,police station,,BALLARAT WEST POLICE STATION,Ballarat West Police Station,,,107,WBW,2021-04-20T00:00:00,420744450,-1684223,11,,,VIC,2016-10-13T13:15:14,,2021-04-22T07:42:17,1888240,POINT (-37.56992223 143.79984669)
VMFEAT_POLICE_STATION.59914232,765077,765077,,emergency facility,police station,,MELBOURNE NORTH POLICE STATION,Melbourne North Police Station,,,107,NMN,2021-04-20T00:00:00,207501232,-1384102,11,,,VIC,2010-09-16T11:26:56,,2021-04-22T07:42:17,1888230,POINT (-37.80030797 144.95456563)
VMFEAT_POLICE_STATION.59914247,1180175,1180175,,emergency facility,police station,,MERNDA POLICE STATION,Mernda Police Station,,,107,NDA,2021-04-20T00:00:00,422844701,-1765570,11,,,VIC,2018-05-14T11:27:25,,2021-04-22T07:42:17,1888241,POINT (-37.60053856 145.09254489)
VMFEAT_POLICE_STATION.59914234,765080,765080,,emergency facility,police station,,POLICE AIRWING POLICE STATION,Police Airwing Police Station,,,107,,2021-04-20T00:00:00,432356276,-1384116,11,,,VIC,2010-09-16T11:26:56,,2021-04-22T07:42:17,1888232,POINT (-37.72033265 144.8981285)
VMFEAT_POLICE_STATION.59914235,765086,765086,,emergency facility,police station,,WYNDHAM NORTH POLICE STATION,Wyndham North Police Station,,,107,NWM,2021-04-20T00:00:00,212449928,-1384133,11,,,VIC,2010-09-16T11:26:56,,2021-04-22T07:42:17,1888233,POINT (-37.84788639 144.68691912)
VMFEAT_POLICE_STATION.59914248,1256095,1256095,,emergency facility,police station,,ALTONA POLICE STATION,Altona Police Station,,,107,NAL,2021-04-20T00:00:00,432379509,-1926270,11,,,VIC,2020-06-15T12:13:42,,2021-04-22T07:42:17,1888242,POINT (-37.86320721 144.81053984)
VMFEAT_POLICE_STATION.59915121,612152,612152,,emergency facility,police station,,WARRAGUL POLICE STATION,Warragul Police Station,,,107,EWG,2021-04-20T00:00:00,51411335,28591,10,,,VIC,2009-05-21T03:07:20,,2021-04-22T07:42:54,1888243,POINT (-38.16178698 145.93327832)
VMFEAT_POLICE_STATION.59915122,612626,612626,,emergency facility,police station,,WODONGA POLICE STATION,Wodonga Police Station,,,107,EWO,2021-04-20T00:00:00,134178653,29791,10,,,VIC,2009-05-21T03:07:24,,2021-04-22T07:42:54,1888244,POINT (-36.12215752 146.89007903)
VMFEAT_POLICE_STATION.59915126,995659,995659,,emergency facility,police station,,WATER POLICE/SEARCH AND RESCUE POLICE STATION,Water Police/Search And Rescue Police Station,,,107,,2021-04-20T00:00:00,219009984,-1384135,11,,,VIC,2013-10-04T11:37:44,,2021-04-22T07:42:54,1888248,POINT (-37.8635492 144.90653566)
VMFEAT_POLICE_STATION.59915127,995660,995660,,emergency facility,police station,,MELBOURNE AIRPORT POLICE STATION,Melbourne Airport Police Station,,,107,NMA,2021-04-20T00:00:00,423818792,-1384114,11,,,VIC,2013-10-04T11:37:44,,2021-04-22T07:42:54,1888249,POINT (-37.67654906 144.85058318)
VMFEAT_POLICE_STATION.59915132,140522,140522,,emergency facility,police station,,MELBOURNE WEST POLICE STATION,Melbourne West Police Station,,,107,NMW,2021-04-20T00:00:00,422027062,-1384113,11,,,VIC,2009-05-21T02:07:16,,2021-04-22T07:42:54,1888253,POINT (-37.81380745 144.95125415)
VMFEAT_POLICE_STATION.59915133,140939,140939,,emergency facility,police station,,MORWELL POLICE STATION,Morwell Police Station,,,107,EML,2021-04-20T00:00:00,134154247,17814,10,,,VIC,2009-05-21T02:07:19,,2021-04-22T07:42:54,1888254,POINT (-38.23729254 146.39441727)
VMFEAT_POLICE_STATION.59915134,135054,135054,,emergency facility,police station,,BAIRNSDALE POLICE STATION,Bairnsdale Police Station,,,107,EBL,2021-04-20T00:00:00,54340035,897,10,,,VIC,2009-05-21T02:06:37,,2021-04-22T07:42:54,1888255,POINT (-37.82586394 147.63595804)
VMFEAT_POLICE_STATION.59915135,135732,135732,,emergency facility,police station,,BORONIA POLICE STATION,Boronia Police Station,,,107,EBO,2021-04-20T00:00:00,50363438,3040,10,,,VIC,2009-05-21T02:06:43,,2021-04-22T07:42:54,1888256,POINT (-37.85993456 145.28548775)
VMFEAT_POLICE_STATION.62138600,139806,139806,,emergency facility,police station,,LANDSBOROUGH POLICE STATION,Landsborough Police Station,,,107,WLD,2021-04-20T00:00:00,,14579,10,,,VIC,2009-05-21T02:07:11,,2021-11-02T07:26:29,1954094,POINT (-37.0036411 143.12853447)
VMFEAT_POLICE_STATION.62138601,139945,139945,,emergency facility,police station,,LEXTON POLICE STATION,Lexton Police Station,,,107,WLX,2021-04-20T00:00:00,,14909,10,,,VIC,2009-05-21T02:07:12,,2021-11-02T07:26:29,1954095,POINT (-37.27525834 143.51381307)
VMFEAT_POLICE_STATION.62138604,612141,612141,,emergency facility,police station,,WARRACKNABEAL POLICE STATION,Warracknabeal Police Station,,,107,WWK,2021-04-20T00:00:00,,28575,10,,,VIC,2009-05-21T03:07:20,,2021-11-02T07:26:29,1954098,POINT (-36.25122711 142.39382528)
VMFEAT_POLICE_STATION.63595157,612034,612034,,emergency facility,police station,,WALLAN POLICE STATION,Wallan Police Station,,,107,EWA,2021-04-20T00:00:00,53865103,28317,10,,,VIC,2009-05-21T03:07:19,,2022-05-25T10:21:19,2017330,POINT (-37.41651056 144.98169751)
VMFEAT_POLICE_STATION.62823083,136638,136638,,emergency facility,police station,,COLAC POLICE STATION,Colac Police Station,,,107,WCC,2021-04-20T00:00:00,,5899,10,,,VIC,2009-05-21T02:06:48,,2022-03-02T07:18:06,1987362,POINT (-38.33775758 143.59254898)
VMFEAT_POLICE_STATION.60088153,140025,140025,,emergency facility,police station,,LOCH POLICE STATION,Loch Police Station,,,107,ELC,2021-04-20T00:00:00,134164533,15308,10,,,VIC,2009-05-21T02:07:12,,2021-05-25T07:36:54,1901094,POINT (-38.36867268 145.70371615)
VMFEAT_POLICE_STATION.60088154,140244,140244,,emergency facility,police station,,MALDON POLICE STATION,Maldon Police Station,,,107,WMD,2021-04-20T00:00:00,53874840,16004,10,,,VIC,2009-05-21T02:07:14,,2021-05-25T07:36:54,1901095,POINT (-36.99548478 144.0648738)
VMFEAT_POLICE_STATION.65096072,137075,137075,,emergency facility,police station,,DARTMOOR POLICE STATION,Dartmoor Police Station,,,107,WDT,2021-04-20T00:00:00,,6970,10,,,VIC,2009-05-21T02:06:53,,2022-09-20T15:25:21,2058354,POINT (-37.92183707 141.281505)
VMFEAT_POLICE_STATION.63438591,612199,612199,,emergency facility,police station,,WARRNAMBOOL POLICE STATION,Warrnambool Police Station,,,107,WWR,2021-04-20T00:00:00,,28680,10,,,VIC,2009-05-21T03:07:20,,2022-04-28T07:43:28,2013623,POINT (-38.38109287 142.47850325)
